name,lei,title,cusip,isin,ticker,other_identifier,balance,units,curCd,valUSD,pctVal,payoffProfile,assetCat,issuerCat,invCountry,isRestrictedSec,fairValLevel,maturityDt,couponKind,annualizedRt,isDefault,areIntrstPmntsInArrs,isPaidKind,isCashCollateral,isNonCashCollateral,isLoanByFund
American Residential 1/25 TLB,N/A,American Residential 1/25 TLB,02927HAH1,,,LX258161,400000,PA,USD,400500,0.08708579079,Long,LON,CORP,US,N,2,2032-02-02,Floating,7.5296484,N,N,N,N,N,N
Anchorage Capital CLO LTD,549300ZNOS7Q8W8H3S38,ANCHC 2021-19A F,03328KAE4,US03328KAE47,ANCHC,,1000000,PA,USD,839847.5,0.182618685844,Long,ABS-CBDO,CORP,KY,Y,2,2034-10-15,Floating,11.76770879,N,N,N,N,N,N
AkzoNobel Specialty Chemical 10/24 Incremental TLB,N/A,AkzoNobel Specialty Chemical 10/24 Incremental TLB,N8232NAM9,,,LX248298,599576.58,PA,USD,601902.94,0.130879384541,Long,LON,CORP,NL,N,2,2028-04-03,Floating,7.55025839,N,N,N,N,N,N
Blackhawk Network 1/25 Cov-Lite TLB,N/A,Blackhawk Network 1/25 Cov-Lite TLB,09238FAM3,,,LX258205,2293439.81,PA,USD,2304196.04,0.501030547513,Long,LON,CORP,US,N,2,2029-03-12,Floating,8.3268108,N,N,N,N,N,N
Amex GBT 1/25 Cov-Lite TLB,N/A,Amex GBT 1/25 Cov-Lite TLB,36154HAC4,,,LX258422,1684841.25,PA,USD,1686357.61,0.366686107421,Long,LON,CORP,US,N,2,2031-07-28,Floating,6.7826196,N,N,N,N,N,N
Clear Channel 3/24 TLB,N/A,Clear Channel 3/24 TLB,18452RAF2,,,LX227627,1250000,PA,USD,1237050,0.268987459418,Long,LON,CORP,US,N,2,2028-08-21,Floating,8.4412908,N,N,N,N,N,N
CIFC Funding Ltd,N/A,CIFC 2019-5A SUB,12555GAC2,US12555GAC24,CIFC,,1000000,PA,USD,517200,0.112461350803,Long,ABS-O,CORP,KY,Y,2,,,,,,,N,N,N
FERTITTA ENTERTAINMENT,N/A,FERTITTA ENT LLC FRTITA 6 3/4 01/15/30,31556TAC3,US31556TAC36,FRTITA,,328000,PA,USD,302139.99,0.065698127237,Long,DBT,CORP,US,Y,2,2030-01-15,Fixed,6.75,N,N,N,N,N,N
Garda World 1/25 Cov-Lite TLB,N/A,Garda World 1/25 Cov-Lite TLB,C4000KAG9,,,LX258261,1419984.03,PA,USD,1420765.02,0.308934944554,Long,LON,CORP,CA,N,2,2029-02-01,Floating,7.31440079,N,N,N,N,N,N
OverDrive/RBmedia 12/23 Cov-Lite TL,N/A,OverDrive/RBmedia 12/23 Cov-Lite TL,37610GAG3,,,LX219701,1071105.54,PA,USD,1076236.14,0.234019663742,Long,LON,CORP,US,N,2,2028-12-15,Floating,8.57680919,N,N,N,N,N,N
Neuberger Berman CLO Ltd,549300VBBLOSKH8XQ869,NEUB 2016-21A SUB,64130YAE4,US64130YAE41,NEUB,,4425109,PA,USD,2941325.7,0.639569724235,Long,ABS-O,CORP,KY,Y,2,,,,,,,N,N,N
Jostens/Champ Acquisition 11/24 TLB,N/A,Jostens/Champ Acquisition 11/24 TLB,15807EAH5,,,LX251441,847599.16,PA,USD,851481.16,0.185148339979,Long,LON,CORP,US,N,2,2031-11-25,Floating,8.1660312,N,N,N,N,N,N
Mavenir November II Initial Term Loans,N/A,Mavenir November II Initial Term Loans,N/A,,,LX255338,54323.01,PA,USD,,,Long,LON,CORP,US,N,2,2025-09-02,Floating,14.3236908,Y,N,N,N,N,N
Cotiviti 2/25 Incremental Cov-Lite TL,N/A,Cotiviti 2/25 Incremental Cov-Lite TL,22164MAF4,,,LX259025,850958.85,PA,USD,845997.76,0.183956014822,Long,LON,CORP,US,N,2,2032-03-26,Floating,7.0742196,N,N,N,N,N,N
Invenergy 4/25 TLB,N/A,Invenergy 4/25 TLB,N/A,,,LX262693,232005.76,PA,USD,233397.79,0.050750639477,Long,LON,CORP,US,N,2,2032-05-14,Floating,,N,N,N,N,N,N
GFL Environmental Services 2/25 TLB,N/A,GFL Environmental Services 2/25 TLB,36257SAB8,,,LX258430,686032.13,PA,USD,685462.72,0.149048846513,Long,LON,CORP,CA,N,2,2032-03-03,Floating,6.8237496,N,N,N,N,N,N
DISCOVERY PURCHASER CORP,2549001LSO1ZBIPA5D65,DISCOVERY PURCHASER CORPORATION TL 1L,25471NAC0,US25471NAC02,BAYENV,LX206612,542638.79,PA,USD,541450.41,0.11773442479,Long,LON,CORP,US,N,2,2029-10-04,Floating,8.02238039,N,N,N,N,N,N
Anchorage Capital CLO LTD,N/A,ANCHC 2019-13A SUB,03329CAC5,US03329CAC55,ANCHC,,7000000,PA,USD,3442810,0.748613811212,Long,ABS-O,CORP,KY,Y,2,,,,,,,N,N,N
Hamilton Projects 5/24 TLB,N/A,Hamilton Projects 5/24 TLB,40444KAB1,,,LX233244,970887.88,PA,USD,973722.87,0.211728904231,Long,LON,CORP,US,N,2,2031-05-30,Floating,7.32681,N,N,N,N,N,N
MAJORDRIVE HOLDINGS IV L,25490044R1FR5N8FIT62,MAJORDRIVE HOLDI CLUCAR 6 3/8 06/01/29,56085RAA8,US56085RAA86,CLUCAR,,545000,PA,USD,431166.12,0.093753913913,Long,DBT,CORP,US,Y,2,2029-06-01,Fixed,6.375,N,N,N,N,N,N
CIFC Funding Ltd,54930089HD7KU5NUS092,CIFC 2021-7A SUB,12567KAC9,US12567KAC99,CIFC,,1000000,PA,USD,603400,0.13120490927,Long,ABS-O,CORP,KY,Y,2,,,,,,,N,N,N
Hilton Hotels 11/23 Cov-Lite,N/A,Hilton Hotels 11/23 Cov-Lite,03167DAQ7,,,LX219030,2935138.53,PA,USD,2980398.37,0.648065790066,Long,LON,CORP,US,N,2,2028-05-04,Floating,9.8268084,N,N,N,N,N,N
MAJORDRIVE HOLDINGS IV L,25490044R1FR5N8FIT62,"MAJORDRIVE HOLDINGS IV, LLC TLB",56085UAB9,US56085UAB98,CLUCAR,LX194777,246436.56,PA,USD,241303.29,0.052469632534,Long,LON,CORP,US,N,2,2028-06-01,Floating,8.5572216,N,N,N,N,N,N
SEAWORLD PARKS & ENTERTA,549300UZV72O3371JJ53,SEAWORLD PARKS SEAS 5 1/4 08/15/29,81282UAG7,US81282UAG76,PRKS,,600000,PA,USD,587518.85,0.127751669554,Long,DBT,CORP,US,Y,2,2029-08-15,Fixed,5.25,N,N,N,N,N,N
Arcis 1/25 Cov-Lite TLB,N/A,Arcis 1/25 Cov-Lite TLB,03958MAF4,,,LX258163,258119.68,PA,USD,258119.68,0.056126233336,Long,LON,CORP,US,N,2,2028-11-24,Floating,7.0768116,N,N,N,N,N,N
Cedar Fair 4/24 TLB,N/A,Cedar Fair 4/24 TLB,15018LAN1,,,LX229704,146409.78,PA,USD,146409.78,0.031835734009,Long,LON,CORP,US,N,2,2031-05-01,Floating,6.32680919,N,N,N,N,N,N
Pregis 5/25 TL,N/A,Pregis 5/25 TL,N/A,,,LX263493,219605.33,PA,USD,220044.54,0.047847073096,Long,LON,CORP,US,N,2,2029-02-01,Floating,8.3268108,N,N,N,N,N,N
Regatta XII Funding Ltd.,2549001ZYXDVCT6R4I31,REG12 2019-1A ERR,75888LAQ5,US75888LAQ59,REG12,,1500000,PA,USD,1513951.35,0.329197629295,Long,ABS-CBDO,CORP,KY,Y,2,2037-10-15,Floating,11.1561012,N,N,N,N,N,N
RENT-A-CENTER INC,529900QUHE15UQNCCJ63,"Rent-A-Center, Inc.",76009WAW0,US76009WAW01,UPBD,LX198205,824301.6,PA,USD,826362.35,0.179686438774,Long,LON,CORP,US,N,2,2028-02-17,Floating,7.0296516,N,N,N,N,N,N
Ply Gem/Pisces Midco/Cornerstone Bldg Cov-Lite TLB,N/A,Ply Gem/Pisces Midco/Cornerstone Bldg Cov-Lite TLB,72431HAE0,,,LX231333,297940.05,PA,USD,251759.34,0.054743224001,Long,LON,CORP,US,N,2,2031-05-15,Floating,8.8117596,N,N,N,N,N,N
"Niagara Park CLO, Ltd.",N/A,NIAPK 2019-1A SUB,65357KAC1,US65357KAC18,NIAPK,,2648000,PA,USD,1565179.84,0.340336889127,Long,ABS-O,CORP,KY,Y,2,,,,,,,N,N,N
Hertz 11/23 Incremental TLB,N/A,Hertz 11/23 Incremental TLB,42804VBD2,,,LX219614,24944.38,PA,USD,20547.93,0.004467996836,Long,LON,CORP,US,N,2,2028-06-30,Floating,8.03261879,N,N,N,N,N,N
Signia Aerospace 11/24 TL,N/A,Signia Aerospace 11/24 TL,82670NAB2,,,LX252733,2984439.13,PA,USD,2995630.78,0.651377966022,Long,LON,CORP,US,N,2,2031-12-11,Floating,7.30025999,N,N,N,N,N,N
Hunterstown 10/24 TLB,N/A,Hunterstown 10/24 TLB,44579UAB8,,,LX250344,493212.36,PA,USD,492147.02,0.107013763849,Long,LON,CORP,US,N,2,2031-11-06,Floating,7.81984079,N,N,N,N,N,N
Kaman/Ruby/Arxis 1/25 Delayed TL,N/A,Kaman/Ruby/Arxis 1/25 Delayed TL,48354VAN2,,,LX258139,231086.5,PA,USD,230726.01,0.050169680491,Long,LON,CORP,US,N,2,2032-02-26,Floating,,N,N,N,N,N,N
Berkeley Research/BRG 3/25 Cov-Lite TLB,N/A,Berkeley Research/BRG 3/25 Cov-Lite TLB,N/A,,,LX259705,686521.15,PA,USD,688422.81,0.149692496396,Long,LON,CORP,US,N,2,2032-05-01,Floating,7.5456108,N,N,N,N,N,N
ARES CLO Ltd,N/A,ARES 2017-44A DR,04016NAZ6,US04016NAZ69,ARES,,1000000,PA,USD,1002665.7,0.218022310568,Long,ABS-CBDO,CORP,KY,Y,2,2034-04-15,Floating,11.3877108,N,N,N,N,N,N
OCP CLO Ltd,N/A,OCP 2024-38A SUB,67120JAC6,US67120JAC62,OCP,,5000000,PA,USD,4198500,0.912933065251,Long,ABS-O,CORP,KY,Y,2,,,,,,,N,N,N
M6 Midstream 3/25 TLB,N/A,M6 Midstream 3/25 TLB,55285DAG6,,,LX260463,251132.28,PA,USD,252028.82,0.054801820453,Long,LON,CORP,US,N,2,2032-04-01,Floating,7.32681,N,N,N,N,N,N
BANGL T/L,N/A,BANGL T/L,05989UAC1,,,LX213882,1530262.65,PA,USD,1534088.31,0.333576263716,Long,LON,CORP,US,N,2,2029-02-01,Floating,8.78788079,N,N,N,N,N,N
Regatta 34 Funding Ltd.,N/A,REG34 2025-3A E,75904CAA0,US75904CAA09,REG34,,2000000,PA,USD,2000001.4,0.434885651687,Long,ABS-CBDO,CORP,KY,Y,2,2038-07-20,Floating,10.79417879,N,N,N,N,N,N
Sharp 10/24 Cov-Lite TLB,N/A,Sharp 10/24 Cov-Lite TLB,81989LAF5,,,LX249736,736500.95,PA,USD,737421.58,0.16034691995,Long,LON,CORP,US,N,2,2028-12-31,Floating,7.5456108,N,N,N,N,N,N
Icebox Holdco III Inc (DiversiTech Holdings) TL B,N/A,Icebox Holdco III Inc (DiversiTech Holdings) TL B,45114NAB3,,,LX201177,1054829.88,PA,USD,1057139.96,0.229867339307,Long,LON,CORP,US,N,2,2028-12-22,Floating,8.0572212,N,N,N,N,N,N
Regatta XXII Funding Ltd.,N/A,REG22 2022-2A ER,758969AE9,US758969AE97,REG22,,1350000,PA,USD,1356091.47,0.294872154928,Long,ABS-CBDO,CORP,KY,Y,2,2035-07-20,Floating,10.4194692,N,N,N,N,N,N
OCP CLO Ltd,N/A,OCP 2024-36A SUB,67119VAC2,US67119VAC28,OCP,,4000000,PA,USD,3306800,0.719039433172,Long,ABS-O,CORP,JE,Y,2,,,,,,,N,N,N
Prolamina 3/24 Cov-Lite TL,N/A,Prolamina 3/24 Cov-Lite TL,74274NAL7,,,LX228683,651139.5,PA,USD,652604.56,0.141904080351,Long,LON,CORP,US,N,2,2028-09-15,Floating,8.28297,N,N,N,N,N,N
Ryan 11/23 TL,N/A,Ryan 11/23 TL,78350LAZ8,,,LX219001,3679600.47,PA,USD,3683059.29,0.800854259169,Long,LON,CORP,US,N,2,2030-11-14,Floating,7.8268104,N,N,N,N,N,N
Trucordia Insurance 6/25 TLB,N/A,Trucordia Insurance 6/25 TLB,N/A,,,LX264602,785613.44,PA,USD,786595.46,0.17103941989,Long,LON,CORP,US,N,2,2032-06-17,Floating,7.5637008,N,N,N,N,N,N
South Field Energy 2/25 TLB,N/A,South Field Energy 2/25 TLB,83783XAD8,,,LX259396,1337323.04,PA,USD,1342338,0.29188156364,Long,LON,CORP,US,N,2,2031-08-29,Floating,7.5456108,N,N,N,N,N,N
Oak Hill Credit,549300EX32IF3NZCVL73,OAKC 2016-13A SUB,67090VAB7,US67090VAB71,OAKC,,1600000,PA,USD,1072320,0.23316812779,Long,ABS-O,CORP,KY,Y,2,,,,,,,N,N,N
Intrawest/Alterra 11/24 (2030) Cov-Lite TLB,N/A,Intrawest/Alterra 11/24 (2030) Cov-Lite TLB,46124CAR8,,,LX250895,392497.01,PA,USD,393234.9,0.085506048022,Long,LON,CORP,US,N,2,2030-05-31,Floating,7.32681,N,N,N,N,N,N
Generate CLO Ltd.,N/A,GNRT 2024-14A SUB,37149TAC4,US37149TAC45,GNRT,,8000000,PA,USD,4744000,1.031548043718,Long,ABS-O,CORP,KY,Y,2,,,,,,,N,N,N
Grant Thornton 12/24 Cov-Lite TLB,N/A,Grant Thornton 12/24 Cov-Lite TLB,38821UAD2,,,LX255999,2462599.11,PA,USD,2458289.56,0.534537054492,Long,LON,CORP,US,N,2,2031-06-02,Floating,7.0768116,N,N,N,N,N,N
"Thompson Park CLO, LTD",N/A,TPRK 2021-1A SUB,884886AC6,US884886AC69,TPRK,,4000000,PA,USD,2761440,0.600454896679,Long,ABS-O,CORP,KY,Y,2,,,,,,,N,N,N
United Talent 6/25 Cov-Lite TLB,N/A,United Talent 6/25 Cov-Lite TLB,91301QAN7,,,LX264154,1410976.38,PA,USD,1412740.1,0.307189984493,Long,LON,CORP,US,N,2,2032-06-10,Floating,7.81126919,N,N,N,N,N,N
Project Alpha (Qlik) 11/24 Cov-Lite TLB,N/A,Project Alpha (Qlik) 11/24 Cov-Lite TLB,74339DAN8,,,LX252974,1149601.98,PA,USD,1154556.76,0.251049908756,Long,LON,CORP,US,N,2,2030-10-26,Floating,7.5456108,N,N,N,N,N,N
Rosen Group 2/24 TLB,N/A,Rosen Group 2/24 TLB,91728NAB5,,,LX227237,2012390.36,PA,USD,2016415.14,0.438454699197,Long,LON,CORP,US,N,2,2031-03-26,Floating,7.0456104,N,N,N,N,N,N
TEGRA118 WEALTH SOLUTION,N/A,"FISERV INVESTMENT SOLUTIONS, INC. TLB",33774UAC2,US33774UAC27,FISV,LX185429,425194.4,PA,USD,419169.4,0.091145315041,Long,LON,CORP,US,N,2,2027-02-18,Floating,8.32191839,N,N,N,N,N,N
Hobbs & Associates/Air Control Concepts 7/24 TLB,N/A,Hobbs & Associates/Air Control Concepts 7/24 TLB,43385CAB4,,,LX237856,678606.1,PA,USD,677547.47,0.14732773339,Long,LON,CORP,US,N,2,2031-07-23,Floating,7.0768116,N,N,N,N,N,N
Dryden Senior Loan Fund,5493002P75UIPU4MC757,DRSLF 2016-43A SUB,26245BAA3,US26245BAA35,DRSLF,,3000000,PA,USD,890730,0.193682712685,Long,ABS-O,CORP,KY,Y,2,,,,,,,N,N,N
DTZ/Cushman 1/25 Cov-Lite TLB1,N/A,DTZ/Cushman 1/25 Cov-Lite TLB1,23340DAV4,,,LX257797,30233.68,PA,USD,30340.71,0.006597365102,Long,LON,CORP,US,N,2,2030-01-31,Floating,7.0768116,N,N,N,N,N,N
ARES CLO Ltd,N/A,ARES 2020-58A SUB,04018CAC9,US04018CAC91,ARES,,12425000,PA,USD,7103372.5,1.544576308216,Long,ABS-O,CORP,KY,Y,2,,,,,,,N,N,N
Pacific Bells 12/24 Cov-Lite TLB,N/A,Pacific Bells 12/24 Cov-Lite TLB,69403HAN0,,,LX256333,354136.76,PA,USD,354579.43,0.077100699274,Long,LON,CORP,US,N,2,2028-11-13,Floating,8.5572216,N,N,N,N,N,N
DG INVESTMENT INTERMEDI,N/A,Convergint Technologies LLC TL,23344MAC2,US23344MAC29,CONGNT,LX193314,1749601.92,PA,USD,1747834.82,0.38005387633,Long,LON,CORP,US,N,2,2028-03-31,Floating,7.94129039,N,N,N,N,N,N
HERENS HOLDCO SARL,2221002FZ55AMAUX4G64,HERENS HOLDCO S LNZING 4 3/4 05/15/28,427169AA5,US427169AA59,LNZING,,444000,PA,USD,396343.62,0.08618201641,Long,DBT,CORP,LU,Y,2,2028-05-15,Fixed,4.75,N,N,N,N,N,N
AMR/AAdvantage 2/25 TLB,N/A,AMR/AAdvantage 2/25 TLB,02376CBS3,,,LX259608,538911.31,PA,USD,534783.25,0.116284699694,Long,LON,CORP,US,N,2,2028-04-20,Floating,6.52237919,N,N,N,N,N,N
Anchorage Capital CLO LTD,5493008M7D1YIDOH2C69,ANCHC 2020-16A SUB,03330XAC6,US03330XAC65,ANCHC,,3305720,PA,USD,1589224.89,0.345565309086,Long,ABS-O,CORP,KY,Y,2,,,,,,,N,N,N
Restoration Hardware/RH 5/22 Cov-Lite TLB2,N/A,Restoration Hardware/RH 5/22 Cov-Lite TLB2,76133MAC5,,,LX204424,748076.92,PA,USD,727908.77,0.15827842911,Long,LON,CORP,US,N,2,2028-10-20,Floating,7.6768092,N,N,N,N,N,N
Benefit Street Partners CLO Lt,254900WANE6M5S0NC534,BSP 2022-27A SUB,08182QAE5,US08182QAE52,BSP,,2250000,PA,USD,2466157.5,0.536247880401,Long,ABS-O,CORP,JE,Y,2,,,,,,,N,N,N
GoldenTree Loan Management US,549300KUSTD1I13BZ897,GLM 2022-12A ER,38138YAG5,US38138YAG52,GLM,,1200000,PA,USD,1200658.32,0.261074355221,Long,ABS-CBDO,CORP,JE,Y,2,2037-07-20,Floating,9.9723816,N,N,N,N,N,N
Palmer Square CLO Ltd,N/A,PLMRS 2024-2A SUB,69703MAC0,US69703MAC01,PLMRS,,4000000,PA,USD,3428640,0.745532648527,Long,ABS-O,CORP,KY,Y,2,,,,,,,N,N,N
Citrin Cooperman 3/25 Cov-Lite Delayed TL,N/A,Citrin Cooperman 3/25 Cov-Lite Delayed TL,17737EAD5,,,LX259599,44111.65,PA,USD,44037.98,0.009575736112,Long,LON,CORP,US,N,2,2032-04-01,Floating,,N,N,N,N,N,N
Planet US Buyer/Wood Mackenzie 1/24 Cov-Lite TLB,N/A,Planet US Buyer/Wood Mackenzie 1/24 Cov-Lite TLB,72706RAB2,,,LX225622,342968.71,PA,USD,344169.1,0.074837049286,Long,LON,CORP,US,N,2,2031-02-07,Floating,7.32983039,N,N,N,N,N,N
Madison Park Funding Ltd,N/A,MDPK 2022-60A ER,557911AE4,US557911AE43,MDPK,,1250000,PA,USD,1250343.63,0.271878061868,Long,ABS-CBDO,CORP,KY,Y,2,2037-10-25,Floating,10.7817696,N,N,N,N,N,N
OHA Credit Partners Ltd,549300OYGEU6QQMCEG78,OAKC 2015-11A SUB,67109HAE1,US67109HAE18,OAKC,,4003000,PA,USD,2193363.79,0.476930886749,Long,ABS-O,CORP,KY,Y,2,,,,,,,N,N,N
Eisner Advisory/EisnerAmper 2/24 Cov-Lite TLB,N/A,Eisner Advisory/EisnerAmper 2/24 Cov-Lite TLB,28259HAG6,,,LX227025,1103765.19,PA,USD,1107904.31,0.240905675296,Long,LON,CORP,US,N,2,2031-02-28,Floating,8.3268108,N,N,N,N,N,N
Anchorage Capital CLO LTD,549300L8BI45FDIJHO17,ANCHC 2018-1RA SUB,03329BAC7,US03329BAC72,ANCHC,,4150000,PA,USD,30110.33,0.006547270659,Long,ABS-O,CORP,KY,Y,2,,,,,,,N,N,N
Varsity Brands 1/25 TLB,N/A,Varsity Brands 1/25 TLB,92227QAF3,,,LX258428,2322473.27,PA,USD,2320290.15,0.504530093822,Long,LON,CORP,US,N,2,2031-08-26,Floating,7.8298308,N,N,N,N,N,N
Paradigm Outcomes 10/24 TLB,N/A,Paradigm Outcomes 10/24 TLB,69002CAD8,,,LX249686,838678.73,PA,USD,842696,0.1832380713,Long,LON,CORP,US,N,2,2031-05-06,Floating,8.0768088,N,N,N,N,N,N
INEOS US FINANCE LLC,5493008MHJ4R367SNK31,"Ineos US Finance LLC, TLB",G4768PAN1,XAG4768PAN15,INEGRP,LX210892,868723.57,PA,USD,831186.02,0.180735310475,Long,LON,CORP,US,N,2,2030-02-18,Floating,7.5768084,N,N,N,N,N,N
CIFC Funding Ltd,254900S2BZHNDNVF2L25,CIFC 2017-3A SUB,12548KAC3,US12548KAC36,CIFC,,1400000,PA,USD,447524,0.097310815075,Long,ABS-O,CORP,KY,Y,2,,,,,,,N,N,N
Madison Park Funding Ltd,N/A,MDPK 2023-63A ER,55821JAG4,US55821JAG40,MDPK,,1250000,PA,USD,1262844.75,0.274596338824,Long,ABS-CBDO,CORP,KY,Y,2,2038-07-21,Floating,10.3162608,N,N,N,N,N,N
RR Ltd,549300RJ4N2AJDFNE876,RRAM 2021-19A SUB,74983BAC5,US74983BAC54,RRAM,,7858000,PA,USD,6814221.86,1.481702619971,Long,ABS-O,CORP,KY,Y,2,,,,,,,N,N,N
Benefit Street Partners CLO Lt,N/A,BSP 2021-25A SUB,08187AAC9,US08187AAC99,BSP,,5250000,PA,USD,4266150,0.927643062122,Long,ABS-O,CORP,KY,Y,2,,,,,,,N,N,N
HERENS US HOLDCO CORP,549300Y0CIXN5D40L888,"LONZA GROUP AG, TLB",L4780EAC8,XAL4780EAC83,LNZING,LX194448,1387365.71,PA,USD,1261878.48,0.274386230492,Long,LON,CORP,US,N,2,2028-07-03,Floating,8.32061159,N,N,N,N,N,N
Anchorage Capital CLO LTD,549300H5Q0HJ2EHSSX26,ANCHC 2020-15A ER2,03329GAJ1,US03329GAJ13,ANCHC,,2000000,PA,USD,2000000,0.434885347267,Long,ABS-CBDO,CORP,KY,Y,2,2038-07-20,Floating,10.2610008,N,N,N,N,N,N
RealPage 12/24 Incremental TL,N/A,RealPage 12/24 Incremental TL,75605VAH5,,,LX255779,1027299.87,PA,USD,1027299.87,0.223378830356,Long,LON,CORP,US,N,2,2028-04-24,Floating,8.04561119,N,N,N,N,N,N
MAJORDRIVE HOLDINGS IV L,25490044R1FR5N8FIT62,"Majordrive Holdings IV, LLC TLB 1L",56085UAC7,US56085UAC71,CLUCAR,LX205231,288544.94,PA,USD,283495.4,0.061643997738,Long,LON,CORP,US,N,2,2029-06-01,Floating,9.94560839,N,N,N,N,N,N
Regatta 33 Funding Ltd.,N/A,REG33 2025-2A E,75890CAA6,US75890CAA62,REG33,,770000,PA,USD,792947.23,0.172420565741,Long,ABS-CBDO,CORP,KY,Y,2,2038-07-25,Floating,10.9456092,N,N,N,N,N,N
Hanger Orthopedic 10/24 Delayed TL,N/A,Hanger Orthopedic 10/24 Delayed TL,41043BAJ7,,,LX248918,100950.68,PA,USD,101047.59,0.021972058133,Long,LON,CORP,US,N,2,2031-10-23,Floating,4.1476392,N,N,N,N,N,N
Lasership 11/24 Third Out TLE,N/A,Lasership 11/24 Third Out TLE,51809EAQ8,,,LX254118,465411.65,PA,USD,134192.14,0.029179097702,Long,LON,CORP,US,N,2,2029-08-10,Floating,13.0572216,N,N,N,N,N,N
ThyssenKrupp Elevator 3/25 (USD) TLB,N/A,ThyssenKrupp Elevator 3/25 (USD) TLB,D9000BAJ1,,,LX259605,2356743.79,PA,USD,2361834.36,0.513563577918,Long,LON,CORP,US,N,2,2030-04-30,Floating,7.2368208,N,N,N,N,N,N
Oaktree CLO Ltd,N/A,OAKCL 2019-3A ER2,67400GAG4,US67400GAG47,OAKCL,,750000,PA,USD,758373.53,0.164902767976,Long,ABS-CBDO,CORP,KY,Y,2,2038-01-20,Floating,11.01947039,N,N,N,N,N,N
Symphony CLO Ltd,5493005CJY0RF4FJJP54,SYMP 2019-21A ER,87167CAW9,US87167CAW91,SYMP,,1000000,PA,USD,976497.6,0.21233224894,Long,ABS-CBDO,CORP,KY,Y,2,2032-07-15,Floating,11.11771079,N,N,N,N,N,N
Cable & Wireless 1/25 B7 Cov-Lite TLB,N/A,Cable & Wireless 1/25 B7 Cov-Lite TLB,G7739PAN0,,,LX258131,1753616.69,PA,USD,1732240.1,0.376662918719,Long,LON,CORP,US,N,2,2032-02-02,Floating,7.50610079,N,N,N,N,N,N
CCRR Parent/Trustaff 3/21 Cov-Lite TLB,N/A,CCRR Parent/Trustaff 3/21 Cov-Lite TLB,12510MAB5,,,LX192894,1123337.07,PA,USD,443718.14,0.096483258701,Long,LON,CORP,US,N,2,2028-03-06,Floating,8.6971716,N,N,N,N,N,N
Chamberlain/Chariot Buyer 11/21 Cov-Lite TL,N/A,Chamberlain/Chariot Buyer 11/21 Cov-Lite TL,15963CAC0,,,LX199295,1282852.5,PA,USD,1284161.01,0.27923140339,Long,LON,CORP,US,N,2,2028-11-03,Floating,7.6768092,N,N,N,N,N,N
PUG/Viagogo/StubHub 3/24 Extended TLB,N/A,PUG/Viagogo/StubHub 3/24 Extended TLB,74530DAH8,,,LX227850,1145773.17,PA,USD,1109486.53,0.241249717443,Long,LON,CORP,US,N,2,2030-03-15,Floating,9.0768096,N,N,N,N,N,N
Ankura 12/24 Cov-Lite TLB,N/A,Ankura 12/24 Cov-Lite TLB,03539PAJ7,,,LX256253,1611705.29,PA,USD,1608884.81,0.349840214655,Long,LON,CORP,US,N,2,2031-12-29,Floating,7.8019812,N,N,N,N,N,N
Neuberger Berman CLO Ltd,549300JRWXK6DFJD7D06,NEUB 2022-47A E,64134TAA9,US64134TAA97,NEUB,,1000000,PA,USD,1000999.2,0.217659942353,Long,ABS-CBDO,CORP,KY,Y,2,2035-04-14,Floating,10.4917104,N,N,N,N,N,N
Madison Park Funding Ltd,N/A,MDPK 2018-29A SUB,55820EAE1,US55820EAE14,MDPK,,4330700,PA,USD,2049763.62,0.445706081849,Long,ABS-O,CORP,KY,Y,2,,,,,,,N,N,N
Benefit Street Partners CLO Lt,N/A,BSP 2021-23A SUB,08186XAC0,US08186XAC02,BSP,,5000000,PA,USD,3105450,0.675257350835,Long,ABS-O,CORP,KY,Y,2,,,,,,,N,N,N
Regatta XXIV Funding Ltd.,N/A,REG24 2021-5A SUB,75889TAC8,US75889TAC80,REG24,,5000000,PA,USD,2852650,0.620287842941,Long,ABS-O,CORP,KY,Y,2,,,,,,,N,N,N
Foundation Building Materials 4/25 Cov-Lite TLB3,N/A,Foundation Building Materials 4/25 Cov-Lite TLB3,35039KAE6,,,LX262093,166666.67,PA,USD,164063.34,0.035674371294,Long,LON,CORP,US,N,2,2031-01-29,Floating,9.54761039,N,N,N,N,N,N
Madison Park Funding Ltd,N/A,MDPK 2019-37A SUB,55817FAC7,US55817FAC77,MDPK,,4648815,PA,USD,2335425.19,0.507821097385,Long,ABS-O,CORP,KY,Y,2,,,,,,,N,N,N
WEBER-STEPHEN PRODUCTS L,549300XU8TJBBGLK8V26,WEBER-STEPHEN PRODUCTS LLC TLB 1L,94767KAP6,US94767KAP66,WEBSTP,LX203027,132917.73,PA,USD,132286.37,0.028764701978,Long,LON,CORP,US,N,2,2027-10-30,Floating,8.67680999,N,N,N,N,N,N
Hertz 6/21 TLC,N/A,Hertz 6/21 TLC,N/A,,,LX195526,40935.67,PA,USD,33925.44,0.007376838377,Long,LON,CORP,US,N,2,2028-06-30,Floating,8.04125879,N,N,N,N,N,N
Oak Hill Credit,N/A,OAKC 2021-9A ER,67114DAE3,US67114DAE31,OAKC,,1000000,PA,USD,1009961.7,0.219608772315,Long,ABS-CBDO,CORP,KY,Y,2,2037-10-19,Floating,9.76947119,N,N,N,N,N,N
Cast & Crew Ent 12/21 Incremental Cov-Lite TL,N/A,Cast & Crew Ent 12/21 Incremental Cov-Lite TL,14835JAQ3,,,LX201235,448583.33,PA,USD,423431.26,0.092072025274,Long,LON,CORP,US,N,2,2028-12-29,Floating,8.0768088,N,N,N,N,N,N
CIFC Funding Ltd,635400A7PBKNR7KBOY58,CIFC 2018-2A SUB,17180YAC5,US17180YAC57,CIFC,,2500000,PA,USD,1205425,0.262110834864,Long,ABS-O,CORP,KY,Y,2,,,,,,,N,N,N
Regatta XXIV Funding Ltd.,N/A,REG24 2021-5A ER,75889TAE4,US75889TAE47,REG24,,1000000,PA,USD,973062.4,0.211585289868,Long,ABS-CBDO,CORP,KY,Y,2,2038-01-20,Floating,9.41946839,N,N,N,N,N,N
June Purchaser/Janney Montgomery 9/24 TLB,N/A,June Purchaser/Janney Montgomery 9/24 TLB,48171UAB1,,,LX244813,1141076.84,PA,USD,1145355.88,0.249049244809,Long,LON,CORP,US,N,2,2031-11-28,Floating,7.46660159,N,N,N,N,N,N
Forward Air 9/23 Cov-Lite TLB,N/A,Forward Air 9/23 Cov-Lite TLB,18948EAC0,,,LX216674,1225471.67,PA,USD,1215386.04,0.264276790034,Long,LON,CORP,US,N,2,2030-12-19,Floating,8.7796512,N,N,N,N,N,N
Tenneco 11/22 Cov-Lite TLA,N/A,Tenneco 11/22 Cov-Lite TLA,88037HAN4,,,LX209531,1243661.21,PA,USD,1209721.7,0.2630451208,Long,LON,CORP,US,N,2,2028-11-17,Floating,9.17200079,N,N,N,N,N,N
WideOpenWest 10/24 Super-Senior Second Out TL,N/A,WideOpenWest 10/24 Super-Senior Second Out TL,96758DBK8,,,LX249694,1252525.68,PA,USD,1064020.57,0.231363477542,Long,LON,CORP,US,N,2,2028-12-11,Floating,7.50332159,N,N,N,N,N,N
Symphony CLO Ltd,5493007X3UVVYJ005O73,SYMP 2020-24A E,87167RAA4,US87167RAA41,SYMP,,1000000,PA,USD,1000040.2,0.217451414829,Long,ABS-CBDO,CORP,KY,Y,2,2032-01-23,Floating,11.5409484,N,N,N,N,N,N
MATIV HOLDINGS INC,549300Z1FU4IDULG1R21,"Schweitzer-Mauduit International, Inc. TLB",80854EAH1,US80854EAH18,MATV,LX192374,155959.54,PA,USD,154399.94,0.033573135762,Long,LON,CORP,US,N,2,2028-04-20,Floating,8.1912888,N,N,N,N,N,N
Baldwin Insurance 12/24 TLB,N/A,Baldwin Insurance 12/24 TLB,05825HAG9,,,LX255996,1856441.19,PA,USD,1854900.34,0.403334489253,Long,LON,CORP,US,N,2,2031-05-26,Floating,7.31440079,N,N,N,N,N,N
Madison Park Funding Ltd,N/A,MDPK 2016-20A SUBR,55819UAQ1,US55819UAQ13,MDPK,,2172000,PA,USD,500037.84,0.108729564847,Long,ABS-O,CORP,KY,Y,2,,,,,,,N,N,N
"Carbone CLO, LTD",5493005I53NEC017LN87,CRBN 2017-1A SUB,141308AC0,US141308AC07,CRBN,,7850000,PA,USD,1035313.74,0.225121387675,Long,ABS-O,CORP,KY,Y,2,,,,,,,N,N,N
Dryden Senior Loan Fund,N/A,DRSLF 2021-87A SUB,26246HAC5,US26246HAC51,DRSLF,,2000000,PA,USD,759640,0.165178152599,Long,ABS-O,CORP,KY,Y,2,,,,,,,N,N,N
BIFM/Brookfield Global/BGIS 12/24 Cov-Lite TLB,N/A,BIFM/Brookfield Global/BGIS 12/24 Cov-Lite TLB,G0757GAG7,,,LX255435,16835.34,PA,USD,16901.67,0.003675144313,Long,LON,CORP,CA,N,2,2028-05-31,Floating,8.0768088,N,N,N,N,N,N
Cineworld/Regal Cineworld 10/24 Cov-Lite TLB,N/A,Cineworld/Regal Cineworld 10/24 Cov-Lite TLB,22834KAU5,,,LX250356,256785.49,PA,USD,256464.51,0.055766328746,Long,LON,CORP,US,N,2,2031-12-02,Floating,9.56579039,N,N,N,N,N,N
Merlin 1/24 (USD) TL,N/A,Merlin 1/24 (USD) TL,L6526BAG9,,,LX225276,997196.16,PA,USD,946718.09,0.205856912667,Long,LON,CORP,US,N,2,2029-11-12,Floating,7.7956092,N,N,N,N,N,N
CONSTANT CONTACT INC,2549000JW50H0AI5B946,Constant Contact 2/21,21031HAC5,US21031HAC51,CONSCO,LX192459,1634632.38,PA,USD,1561073.92,0.339444086904,Long,LON,CORP,US,N,2,2028-02-10,Floating,8.5177116,N,N,N,N,N,N
NATEL ENGINEERING CO INC,N/A,"NEO TECHNOLOGY, INC. TLB",63229BAD0,US63229BAD01,NATENG,LX179860,491117.69,PA,USD,445384.81,0.096845663882,Long,LON,CORP,US,N,2,2026-04-30,Floating,10.68599159,N,N,N,N,N,N
Wasserman Media 6/25 TLB,N/A,Wasserman Media 6/25 TLB,N/A,,,LX264499,472441.61,PA,USD,472441.61,0.102728966814,Long,LON,CORP,US,N,2,2032-06-23,Floating,7.3214316,N,N,N,N,N,N
Anchorage Capital CLO LTD,549300V7DN3VJ8H1GE96,ANCHC 2014-3RA SUB,03330BAC4,US03330BAC46,ANCHC,,1400000,PA,USD,23422,0.005092942301,Long,ABS-O,CORP,KY,Y,2,,,,,,,N,N,N
Lasership 11/24 Second Out TLB1,N/A,Lasership 11/24 Second Out TLB1,51809EAM7,,,LX253343,169670.69,PA,USD,97701.47,0.021244468854,Long,LON,CORP,US,N,2,2029-08-10,Floating,10.0572192,N,N,N,N,N,N
Hilex Poly/Novolex 3/25 Cov-Lite TLB,N/A,Hilex Poly/Novolex 3/25 Cov-Lite TLB,18972FAE2,,,LX260464,1120514.07,PA,USD,1115538.99,0.242565780528,Long,LON,CORP,US,N,2,2032-04-01,Floating,7.5768084,N,N,N,N,N,N
Citrin Cooperman 3/25 Cov-Lite TLB,N/A,Citrin Cooperman 3/25 Cov-Lite TLB,17737EAC7,,,LX259294,683730.64,PA,USD,682588.81,0.148423935838,Long,LON,CORP,US,N,2,2032-04-01,Floating,7.2956088,N,N,N,N,N,N
Wind River CLO Ltd,N/A,WINDR 2018-3A SUB,88432XAC4,US88432XAC48,WINDR,,3000000,PA,USD,340890,0.074124033015,Long,ABS-O,CORP,KY,Y,2,,,,,,,N,N,N
Benefit Street Partners CLO Lt,2549003NV71H6I4TDQ63,BSP 2023-32A E,08181GAA6,US08181GAA67,BSP,,2400000,PA,USD,2415270.72,0.525182922906,Long,ABS-CBDO,CORP,JE,Y,2,2036-10-25,Floating,11.6317692,N,N,N,N,N,N
Rad CLO 12 Ltd,N/A,RAD 2021-12A E,75009QAA3,US75009QAA31,RAD,,2000000,PA,USD,1941806.6,0.422231618783,Long,ABS-CBDO,CORP,KY,Y,2,2034-10-30,Floating,10.89126,N,N,N,N,N,N
Beacon Roofing/QXO 4/25 Cov-Lite TLB,N/A,Beacon Roofing/QXO 4/25 Cov-Lite TLB,07368RAJ0,,,LX262375,387706,PA,USD,390016.73,0.084806280533,Long,LON,CORP,US,N,2,2032-04-30,Floating,7.2956088,N,N,N,N,N,N
KINGPIN INTERMEDIATE HO,549300HRZOJTMNZCST05,"KINGPIN INTERMEDIATE HOLDINGS LLC, TLB",49579GAH5,US49579GAH56,ABWI,LX210809,957341.1,PA,USD,949261.14,0.206409880258,Long,LON,CORP,US,N,2,2028-02-08,Floating,7.8268104,N,N,N,N,N,N
RealPage 2/21 Cov-Lite TL,N/A,RealPage 2/21 Cov-Lite TL,75605VAD4,,,LX192752,1246770.03,PA,USD,1237169.9,0.269013530795,Long,LON,CORP,US,N,2,2028-04-24,Floating,7.55722079,N,N,N,N,N,N
TRC Companies 1/25 Cov-Lite TLB,N/A,TRC Companies 1/25 Cov-Lite TLB,29280KAH8,,,LX257495,2093541.4,PA,USD,2086737.39,0.453745757253,Long,LON,CORP,US,N,2,2028-12-08,Floating,7.32681,N,N,N,N,N,N
INTERNATIONAL TEXTILE 6/23 - EQUITY,N/A,INTERNATIONAL TEXTILE 6/23 - EQUITY,N/A,,,LX213464 00900,20088,NS,USD,68640.7,0.014925417328,Long,EC,CORP,US,N,2,,,,,,,N,N,N
Neuberger Berman CLO Ltd,549300JRWXK6DFJD7D06,NEUB 2022-47A SUB,64134TAC5,US64134TAC53,NEUB,,15000000,PA,USD,8337000,1.812819570084,Long,ABS-O,CORP,KY,Y,2,,,,,,,N,N,N
Horizon US Finco/Travel Corp 12/24 Cov-Lite TLB,N/A,Horizon US Finco/Travel Corp 12/24 Cov-Lite TLB,44057XAB3,,,LX255860,1489704.13,PA,USD,1453697.98,0.316095975427,Long,LON,CORP,US,N,2,2031-10-31,Floating,9.0269496,N,N,N,N,N,N
FOREST CITY ENTERPRISES,54930078MCT017XXRD21,"Forest City Enterprises, L.P. TLB",34555QAF7,US34555QAF72,FCE,LX183933,830956.92,PA,USD,803851.11,0.174791534561,Long,LON,CORP,US,N,2,2025-12-08,Floating,7.94129039,N,N,N,N,N,N
CIFC Funding Ltd,254900SVOWCOSOG16T40,CIFC 2019-3A ER2,12554UAG3,US12554UAG31,CIFC,,2750000,PA,USD,2759054.93,0.599936280681,Long,ABS-CBDO,CORP,KY,Y,2,2038-01-16,Floating,9.2605392,N,N,N,N,N,N
Johnstone Supply 12/24 TLB,N/A,Johnstone Supply 12/24 TLB,47947BAF9,,,LX256023,466771.39,PA,USD,467429.54,0.101639128912,Long,LON,CORP,US,N,2,2031-06-09,Floating,6.8175792,N,N,N,N,N,N
SYNIVERSE HOLDINGS INC,549300CYZBHMZC8VLL59,"Syniverse Holdings, Inc.TL 1L",87168TAB7,US87168TAB70,SVR,LX204324,890980.46,PA,USD,841602.32,0.183000258597,Long,LON,CORP,US,N,2,2027-05-13,Floating,11.2956084,N,N,N,N,N,N
Genesys 1/25 (USD) TL,N/A,Genesys 1/25 (USD) TL,39479UAY9,,,LX257846,945384.27,PA,USD,944684.69,0.205414764734,Long,LON,CORP,US,N,2,2032-01-30,Floating,6.82680959,N,N,N,N,N,N
Regatta XXIII Funding Ltd,N/A,REG23 2021-4A E,75889GAA0,US75889GAA04,REG23,,2750000,PA,USD,2756349.75,0.599348059109,Long,ABS-CBDO,CORP,KY,Y,2,2035-01-20,Floating,11.23107839,N,N,N,N,N,N
CHUCK E CHEESE 12/20 - EQUITY,N/A,CHUCK E CHEESE 12/20 - EQUITY,12515M112,,,LX191829 00900,10454,NS,USD,133288.5,0.028982607804,Long,EC,CORP,US,N,2,,,,,,,N,N,N
Scientific Games/ Light & Wonder 6/24 TLB,N/A,Scientific Games/ Light & Wonder 6/24 TLB,80875CAE7,,,LX235205,500000,PA,USD,499345,0.108578911865,Long,LON,CORP,US,N,2,2029-04-04,Floating,7.28469,N,N,N,N,N,N
PERMIAN PRODUCTION 11/20 - EQUITY,N/A,PERMIAN PRODUCTION 11/20 - EQUITY,N/A,,,LX191199 00900,18995,NS,USD,189.95,0.000041303235,Long,EC,CORP,US,N,2,,,,,,,N,N,N
SKILLSOFT FINANCE II INC,549300LDUD35NU8F0G43,SkillSoft Corporation TLB,83066YAB8,US83066YAB83,SKIL,LX195984,347776.33,PA,USD,316723.38,0.068869178549,Long,LON,CORP,US,N,2,2028-07-14,Floating,9.69129,N,N,N,N,N,N
CIFC Funding Ltd,N/A,CIFC 2020-3A SUB,12560GAC5,US12560GAC50,CIFC,,150000,PA,USD,88736.91,0.01929519096,Long,ABS-O,CORP,KY,Y,2,,,,,,,N,N,N
Kaseya 3/25 2nd Lien Cov-Lite TL,N/A,Kaseya 3/25 2nd Lien Cov-Lite TL,N/A,,,LX259601,644171.78,PA,USD,644371.47,0.14011385525,Long,LON,CORP,US,N,2,2033-03-20,Floating,9.32681159,N,N,N,N,N,N
Oak Hill Credit,254900U4U4HIDOPWSL06,OAKC 2022-12A ER,67116AAG2,US67116AAG22,OAKC,,2000000,PA,USD,2000000,0.434885347267,Long,ABS-CBDO,CORP,BM,Y,2,2036-07-20,Floating,12.27237839,N,N,N,N,N,N
LCPR LOAN FINANCING LLC,N/A,"LCPR Loan Financing LLC, TLB",50183CAC1,US50183CAC10,LILAPR,LX193758,58978.96,PA,USD,38090.38,0.008282474066,Long,LON,CORP,US,N,2,2028-10-16,Floating,8.1762408,N,N,N,N,N,N
Ensemble Health 1/24 TLB,N/A,Ensemble Health 1/24 TLB,29359BAE1,,,LX224988,2310431.49,PA,USD,2318841.46,0.504215086795,Long,LON,CORP,US,N,2,2029-08-01,Floating,7.27965,N,N,N,N,N,N
TOPGOLF CALLAWAY BRANDS,5493005UB0KFRKBPCU72,"Topgolf Callaway Brands Corp., TLB",89071LAB6,US89071LAB62,MODG,LX211342,666784.49,PA,USD,655449.15,0.142522615606,Long,LON,CORP,US,N,2,2030-03-15,Floating,7.32681,N,N,N,N,N,N
OVG Business/Oak View Group 5/24 TLB,N/A,OVG Business/Oak View Group 5/24 TLB,62955EAJ3,,,LX233900,1525886.37,PA,USD,1514442.22,0.32930436538,Long,LON,CORP,US,N,2,2031-06-25,Floating,7.32681,N,N,N,N,N,N
"EP PURCHASER, LLC, TL",N/A,"EP PURCHASER, LLC, TL",26881KAD6,,,LX212961,804310.62,PA,USD,790235.18,0.171830850338,Long,LON,CORP,US,N,2,2028-11-06,Floating,9.0572184,N,N,N,N,N,N
Copeland 6/24 TLB,N/A,Copeland 6/24 TLB,26872NAD1,,,LX236233,3822067.46,PA,USD,3813238.48,0.829160770294,Long,LON,CORP,US,N,2,2031-08-04,Floating,6.82680959,N,N,N,N,N,N
Bass Pro Shops/Great American 1/25 Cov-Lite TLB,N/A,Bass Pro Shops/Great American 1/25 Cov-Lite TLB,07014QAP6,,,LX257812,465031.7,PA,USD,463724.96,0.100833595133,Long,LON,CORP,US,N,2,2032-01-23,Floating,7.5768084,N,N,N,N,N,N
FENDER MUSICAL INSTRUMENTS CORPORATION,N/A,FENDER MUSICAL INSTRUMENTS CORPORATION,31446UAN0,,,LX200386,182101.33,PA,USD,162980.69,0.035438956984,Long,LON,CORP,US,N,2,2028-12-01,Floating,8.4268116,N,N,N,N,N,N
Regatta XVIII Funding Ltd,N/A,REG18 2021-1A ER,75884HAE5,US75884HAE53,REG18,,2550000,PA,USD,2509628.91,0.545700420018,Long,ABS-CBDO,CORP,KY,Y,2,2038-04-15,Floating,8.9561016,N,N,N,N,N,N
CIFC Funding Ltd,254900JI8OLAMXS6KW67,CIFC 2019-2A ER,12554FAE1,US12554FAE16,CIFC,,1500000,PA,USD,1503177,0.326854825824,Long,ABS-CBDO,CORP,KY,Y,2,2034-04-17,Floating,11.1314016,N,N,N,N,N,N
ADP/CDK Global 5/24 TLB,N/A,ADP/CDK Global 5/24 TLB,15477BAE7,,,LX232483,1573610.31,PA,USD,1310187.94,0.284890768636,Long,LON,CORP,US,N,2,2029-07-06,Floating,7.5456108,N,N,N,N,N,N
Magenta Buyer LLC (McAfee) First Out TL (8/15/24),N/A,Magenta Buyer LLC (McAfee) First Out TL (8/15/24),55909UAE9,,,LX242114,497944.7,PA,USD,415231.11,0.090288962734,Long,LON,CORP,US,N,2,2028-07-27,Floating,11.28965039,N,N,N,N,N,N
CIFC Funding Ltd,N/A,CIFC 2019-5A DR,12555GAE8,US12555GAE89,CIFC,,1000000,PA,USD,1002106.7,0.217900760114,Long,ABS-CBDO,CORP,KY,Y,2,2035-01-15,Floating,11.2977108,N,N,N,N,N,N
Arsenal WGH/WCG 2/25 Cov-Lite TLB,N/A,Arsenal WGH/WCG 2/25 Cov-Lite TLB,23343FAE4,,,LX259059,985317.7,PA,USD,973296.82,0.21163626278,Long,LON,CORP,US,N,2,2032-02-25,Floating,7.32681,N,N,N,N,N,N
CIFC Funding Ltd,635400VBVF8AYJQBI411,CIFC 2018-1A ER,17181RAA3,US17181RAA32,CIFC,,1750000,PA,USD,1738695.7,0.378066641643,Long,ABS-CBDO,CORP,KY,Y,2,2038-01-18,Floating,9.51946919,N,N,N,N,N,N
R1 RCM 10/24 Cov-Lite Delayed TL,N/A,R1 RCM 10/24 Cov-Lite Delayed TL,75419XAD6,,,LX249677,184049.91,PA,USD,183819.85,0.03997027965,Long,LON,CORP,US,N,2,2031-11-19,Floating,,N,N,N,N,N,N
Signia Aerospace 11/24 Cov-Lite Delayed TL,N/A,Signia Aerospace 11/24 Cov-Lite Delayed TL,82670NAC0,,,LX252734,249326.58,PA,USD,250261.55,0.054417540539,Long,LON,CORP,US,N,2,2031-12-11,Floating,,N,N,N,N,N,N
Entertainment Partners 10/21 Cov-Lite TLB,N/A,Entertainment Partners 10/21 Cov-Lite TLB,26881KAC8,,,LX199391,236900.2,PA,USD,232280.65,0.050507725569,Long,LON,CORP,US,N,2,2028-11-06,Floating,8.0572212,N,N,N,N,N,N
WestJet Airlines 1/24 TLB,N/A,WestJet Airlines 1/24 TLB,C9763HAB3,,,LX225702,1954184.25,PA,USD,1953207.16,0.42471058703,Long,LON,CORP,CN,N,2,2031-02-14,Floating,7.5456108,N,N,N,N,N,N
CIFC Funding Ltd,N/A,CIFC 2021-2A SUB,12565TAC2,US12565TAC27,CIFC,,4750000,PA,USD,2592977.5,0.563823960272,Long,ABS-O,CORP,KY,Y,2,,,,,,,N,N,N
Rad CLO Ltd,N/A,RAD 2021-11A E,48662PAA0,US48662PAA03,RAD,,1300000,PA,USD,1300101.66,0.282697580946,Long,ABS-CBDO,CORP,KY,Y,2,2034-04-15,Floating,10.7677116,N,N,N,N,N,N
CIFC Funding Ltd,635400BTAKRBKGRV3X14,CIFC 2017-5A SUB,12551NAC1,US12551NAC11,CIFC,,6500000,PA,USD,2545270,0.553450313919,Long,ABS-O,CORP,KY,Y,2,,,,,,,N,N,N
BCP Renaissance 11/24 TLB3,N/A,BCP Renaissance 11/24 TLB3,05549PAG6,,,LX253280,1138082.56,PA,USD,1141280.57,0.248163098507,Long,LON,CORP,US,N,2,2028-10-31,Floating,7.2956088,N,N,N,N,N,N
Cornerstone Generation 10/24 TLB,N/A,Cornerstone Generation 10/24 TLB,N/A,,,LX249762,562954.27,PA,USD,565532.6,0.122970920571,Long,LON,CORP,US,N,2,2031-10-28,Floating,,N,N,N,N,N,N
Gentiva Health/Kindred at Home 1/25 Cov-Lite TLB,N/A,Gentiva Health/Kindred at Home 1/25 Cov-Lite TLB,12568YAH7,,,LX258493,2042109.31,PA,USD,2041741.73,0.44396178064,Long,LON,CORP,US,N,2,2028-02-11,Floating,8.5642884,N,N,N,N,N,N
Belfor 1/25 (USD) TLB3,N/A,Belfor 1/25 (USD) TLB3,07768YAQ5,,,LX257803,1229327.89,PA,USD,1229327.89,0.267308343174,Long,LON,CORP,US,N,2,2030-11-01,Floating,7.32681,N,N,N,N,N,N
WEBER-STEPHEN PRODUCTS L,549300XU8TJBBGLK8V26,WEBER-STEPHEN PRODUCTS LLC TLB,94767KAN1,US94767KAN19,WEBSTP,LX190374,478499.1,PA,USD,474584.98,0.103195026917,Long,LON,CORP,US,N,2,2027-10-30,Floating,7.6912884,N,N,N,N,N,N
Rad CLO 12 Ltd,N/A,RAD 2021-12A SUB,75009QAC9,US75009QAC96,RAD,,4500000,PA,USD,2168910,0.47161358927,Long,ABS-O,CORP,KY,Y,2,,,,,,,N,N,N
Alvogen Pharma 3/25 2nd Lien PIK TL,N/A,Alvogen Pharma 3/25 2nd Lien PIK TL,N/A,,,LX260071,233498.01,PA,USD,77054.34,0.016754901704,Long,LON,CORP,US,N,2,2029-03-01,Floating,14.799168,N,N,N,N,N,N
SolarWinds/Starlight 3/25 Cov-Lite TL,N/A,SolarWinds/Starlight 3/25 Cov-Lite TL,85554UAB0,,,LX259924,1314595.47,PA,USD,1283373.83,0.279060236866,Long,LON,CORP,US,N,2,2032-04-16,Floating,8.26053839,N,N,N,N,N,N
Madison Park Funding Ltd,N/A,MDPK 2015-18A SUB,55819CAE8,US55819CAE84,MDPK,,4000000,PA,USD,733648.8,0.15952655658,Long,ABS-O,CORP,KY,Y,2,,,,,,,N,N,N
AmaWaterways 4/24 TLB,N/A,AmaWaterways 4/24 TLB,50180PAB7,,,LX229243,1647150.09,PA,USD,1644069.92,0.357490959045,Long,LON,CORP,US,N,2,2031-05-01,Floating,7.32681,N,N,N,N,N,N
Digicel 1/24 TL,N/A,Digicel 1/24 TL,G2761TAB0,,,LX226295,2000000,PA,USD,1991780,0.43309796849,Long,LON,CORP,US,N,2,2027-05-25,Floating,11.77965,N,N,N,N,N,N
Envestnet/BCPE Pequod 9/24 TLB,N/A,Envestnet/BCPE Pequod 9/24 TLB,05624AAB8,,,LX246014,1832809.81,PA,USD,1834642.62,0.398929596455,Long,LON,CORP,US,N,2,2031-11-25,Floating,7.5768084,N,N,N,N,N,N
Creative Artists 9/24 Cov-Lite TLB,N/A,Creative Artists 9/24 Cov-Lite TLB,22526WAS7,,,LX245517,2804348.31,PA,USD,2811331.14,0.611303359551,Long,LON,CORP,US,N,2,2031-10-01,Floating,7.0768116,N,N,N,N,N,N
"ONTARIO GAMING GTA LIMITED PARTNERSHIP, TL",N/A,"ONTARIO GAMING GTA LIMITED PARTNERSHIP, TL",C6907UAB7,,,LX213782,547467.16,PA,USD,541477.87,0.117740395766,Long,LON,CORP,US,N,2,2030-08-01,Floating,8.5456116,N,N,N,N,N,N
Sixth Street CLO LTD.,N/A,SIXST 2024-25A SUB,83011WAC6,US83011WAC64,SIXST,,7000000,PA,USD,5247900,1.141117406962,Long,ABS-O,CORP,KY,Y,2,,,,,,,N,N,N
Plusgrade 3/25 Cov-Lite TLB,N/A,Plusgrade 3/25 Cov-Lite TLB,C6902LAE6,,,LX259947,598645.62,PA,USD,594155.78,0.129194821358,Long,LON,CORP,CA,N,2,2031-03-03,Floating,7.8268104,N,N,N,N,N,N
Flynn Restaurant 1/25 Incremental TL,N/A,Flynn Restaurant 1/25 Incremental TL,34410JAG6,,,LX257487,1265907.39,PA,USD,1262742.62,0.274574131404,Long,LON,CORP,US,N,2,2032-01-28,Floating,8.0768088,N,N,N,N,N,N
Elmwood CLO 25 Ltd,N/A,ELM25 2024-1A E,29001CAA9,US29001CAA99,ELM25,,2000000,PA,USD,2009093.4,0.436862640475,Long,ABS-CBDO,CORP,KY,Y,2,2037-04-17,Floating,9.52979039,N,N,N,N,N,N
Conservice 1/25 Cov-Lite TLB,N/A,Conservice 1/25 Cov-Lite TLB,20848PAK4,,,LX257634,1999374.17,PA,USD,2000213.91,0.434931860429,Long,LON,CORP,US,N,2,2030-05-13,Floating,7.32681,N,N,N,N,N,N
Zuora 12/24 Cov-Lite TLB,N/A,Zuora 12/24 Cov-Lite TLB,98980XAC9,,,LX255864,1055471.63,PA,USD,1049750.97,0.228260657566,Long,LON,CORP,US,N,2,2032-02-14,Floating,7.8268104,N,N,N,N,N,N
Anchorage Capital CLO LTD,549300JIJ617WYIUFX18,ANCHC 2021-18A SUB,03331BAG4,US03331BAG41,ANCHC,,850000,PA,USD,317449.5,0.069027068023,Long,ABS-O,CORP,KY,Y,2,,,,,,,N,N,N
Veeam Software 11/24 TLB,N/A,Veeam Software 11/24 TLB,91834WAF7,,,LX253234,1223676.97,PA,USD,1228265.76,0.267077390787,Long,LON,CORP,US,N,2,2031-04-12,Floating,7.01947079,N,N,N,N,N,N
CP IRIS HOLDCO I INC,25490024F0AS5UR7DB02,"CP Iris Holdco I, Inc. TL 1L",12659EAC2,US12659EAC21,IPSCOR,LX198140,426087.74,PA,USD,425022.52,0.092418033103,Long,LON,CORP,US,N,2,2028-10-02,Floating,7.8268104,N,N,N,N,N,N
Promontory Interfinancial/IntraFi Network 1/25 TLB,N/A,Promontory Interfinancial/IntraFi Network 1/25 TLB,65343UAH5,,,LX258128,3615107.33,PA,USD,3625012.72,0.788232457793,Long,LON,CORP,US,N,2,2031-07-31,Floating,7.8268104,N,N,N,N,N,N
AQ Carver Buyer (CoAdvantage) 7/23 T/L,N/A,AQ Carver Buyer (CoAdvantage) 7/23 T/L,00226HAG5,,,LX213937,1229029.14,PA,USD,1209438.42,0.26298352364,Long,LON,CORP,US,N,2,2029-08-02,Floating,9.81659879,N,N,N,N,N,N
Mavenir Warrant CL B,N/A,Mavenir Warrant CL B,N/A,,,0,68287,NS,USD,0.07,1.522e-8,Long,DE,CORP,US,N,3,,,,,,,N,N,N
AkzoNobel Specialty Chem(Starfruit) 10/24 TLB,N/A,AkzoNobel Specialty Chem(Starfruit) 10/24 TLB,N8232NAL1,,,LX248297,266746.27,PA,USD,267746.57,0.058219530037,Long,LON,CORP,NL,N,2,2028-04-03,Floating,7.50971879,N,N,N,N,N,N
Power Solutions 1/25 (USD) Incremental TLB,N/A,Power Solutions 1/25 (USD) Incremental TLB,C8000CAP8,,,LX257569,1249677.26,PA,USD,1250464.56,0.27190435721,Long,LON,CORP,US,N,2,2032-01-28,Floating,7.0768116,N,N,N,N,N,N
Canyon Capital CLO Ltd,2549001ZLWJBJYTM8I33,CANYC 2020-2A ER2,13876QAG1,US13876QAG10,CANYC,,1500000,PA,USD,1477071.45,0.321178365236,Long,ABS-CBDO,CORP,KY,Y,2,2034-10-15,Floating,10.0060992,N,N,N,N,N,N
Madison Park Funding Ltd,N/A,MDPK 2019-37A ER2,55817FAG8,US55817FAG81,MDPK,,750000,PA,USD,761169.08,0.165510639842,Long,ABS-CBDO,CORP,KY,Y,2,2037-04-15,Floating,10.8560988,N,N,N,N,N,N
Aramsco 10/23 TLB,N/A,Aramsco 10/23 TLB,03853CAG0,,,LX217409,371363.42,PA,USD,298947.55,0.065003954548,Long,LON,CORP,US,N,2,2030-10-10,Floating,9.0456084,N,N,N,N,N,N
Belron 10/24 TLB,N/A,Belron 10/24 TLB,08078UAM5,,,LX247576,2739285.66,PA,USD,2748818.37,0.597710415706,Long,LON,CORP,US,N,2,2031-10-16,Floating,7.04867039,N,N,N,N,N,N
IMA Financial 11/21 Cov-Lite TL,N/A,IMA Financial 11/21 Cov-Lite TL,44966KAB1,,,LX198941,1373271.49,PA,USD,1372131.67,0.298359978902,Long,LON,CORP,US,N,2,2028-11-01,Floating,7.32681,N,N,N,N,N,N
Ultimate Software 1/24 Cov-Lite TLB,N/A,Ultimate Software 1/24 Cov-Lite TLB,89841EAB1,,,LX225675,1014143.35,PA,USD,1017713.13,0.221294263979,Long,LON,CORP,GB,N,2,2031-02-10,Floating,7.3113408,N,N,N,N,N,N
Benefit Street Partners CLO Lt,25490002NPB1AZIR3342,BSP 2024-34A SUB,081923AC8,US081923AC83,BSP,,4700000,PA,USD,3729497,0.810951798989,Long,ABS-O,CORP,KY,Y,2,,,,,,,N,N,N
"Marine One Holdco, LLC (West Marine) - Equity",N/A,"Marine One Holdco, LLC (West Marine) - Equity",N/A,,,LX217136,5865,NS,USD,3225.75,0.000701415704,Long,EC,CORP,US,N,2,,,,,,,N,N,N
FIRST BRANDS GROUP LLC,N/A,"FIRST BRANDS GROUP, LLC, TL",31935HAG2,US31935HAG20,TRICGR,LX209837,1351401.54,PA,USD,1272290.49,0.276650245784,Long,LON,CORP,US,N,2,2027-03-30,Floating,9.54125999,N,N,N,N,N,N
ATHENAHEALTH GROUP INC,254900AA3KZN4Q7A5Z33,MINERVA MERGER ATHENA 6 1/2 02/15/30,60337JAA4,US60337JAA43,ATHENA,,1411000,PA,USD,1387673.35,0.301739403354,Long,DBT,CORP,US,Y,2,2030-02-15,Fixed,6.5,N,N,N,N,N,N
VIASAT INC,UFC8NYMNFSYIHNSM2I38,"VIASAT, INC., TL",92555WAD7,US92555WAD74,VSAT,LX202864,896524.77,PA,USD,859543.12,0.186901354116,Long,LON,CORP,US,N,2,2029-03-02,Floating,8.9412912,N,N,N,N,N,N
Skechers USA 6/25 (USD) TLB,N/A,Skechers USA 6/25 (USD) TLB,N/A,,,LX264893,704711.41,PA,USD,708234.97,0.154000505437,Long,LON,CORP,US,N,2,2032-06-25,Floating,,N,N,N,N,N,N
CIFC Funding Ltd,N/A,CIFC 2022-3A E,12571HAA4,US12571HAA41,CIFC,,850000,PA,USD,852282.17,0.185322513735,Long,ABS-CBDO,CORP,KY,Y,2,2035-04-21,Floating,11.54238119,N,N,N,N,N,N
Regatta XVIII Funding Ltd,N/A,REG18 2021-1A SUB,75884HAB1,US75884HAB15,REG18,,7175322,PA,USD,4516578.19,0.982096837309,Long,ABS-O,CORP,KY,Y,2,,,,,,,N,N,N
SPIN HOLDCO INC,549300QAS44U2GUXGK45,SPIN HOLDCO INC. TL,84850XAK8,US84850XAK81,DRY,LX192927,2123029.72,PA,USD,1857651.01,0.403932602292,Long,LON,CORP,US,N,2,2028-03-04,Floating,8.57739959,N,N,N,N,N,N
ALTICE FRANCE SA,5493001ZMCICV4N02J21,ALTICE FRANCE SFRFP 5 1/2 10/15/29,02156LAH4,US02156LAH42,SFRFP,,667000,PA,USD,553610,0.12037843855,Long,DBT,CORP,FR,Y,2,2029-10-15,Fixed,5.5,Y,N,N,N,N,N
Press Ganey 11/24 TLB,N/A,Press Ganey 11/24 TLB,05477JAD3,,,LX254200,2049611.46,PA,USD,2052173.47,0.446230086077,Long,LON,CORP,US,N,2,2031-04-30,Floating,7.5768084,N,N,N,N,N,N
Neuberger Berman CLO Ltd,549300IWMW28G8CR9G28,NEUB 2018-27A ER,64131UAL5,US64131UAL52,NEUB,,2000000,PA,USD,2041759,0.443965535875,Long,ABS-CBDO,CORP,KY,Y,2,2038-07-15,Floating,11.0061,N,N,N,N,N,N
TRUGREEN LP,549300QNRP2MNHR3QM19,TRUGREEN LIMITED PARTNERSHIP TL,89787RAH5,US89787RAH57,SVMSTR,LX190495,175479.81,PA,USD,166158.32,0.036129909347,Long,LON,CORP,US,N,2,2027-11-02,Floating,8.4268116,N,N,N,N,N,N
Instructure/Icon Parent 9/24 TL,N/A,Instructure/Icon Parent 9/24 TL,45115DAB4,,,LX239634,1655527.75,PA,USD,1656885.28,0.360277565187,Long,LON,CORP,US,N,2,2031-11-13,Floating,7.20516959,N,N,N,N,N,N
TRUGREEN LP,549300QNRP2MNHR3QM19,TRUGREEN LIMITED PARTNERSHIP TL,89787RAK8,US89787RAK86,SVMSTR,LX190497,125391.85,PA,USD,98275.86,0.021369365752,Long,LON,CORP,US,N,2,2028-11-02,Floating,13.0412592,N,N,N,N,N,N
Univar/Windsor 2/25 (USD) TLB,N/A,Univar/Windsor 2/25 (USD) TLB,97360BAH8,,,LX259143,1324974.66,PA,USD,1324643.42,0.288034006856,Long,LON,CORP,US,N,2,2030-08-01,Floating,7.0715088,N,N,N,N,N,N
Apidos CLO Ltd,5493000BLHDFQUOR8F12,APID 2023-45A ER,037977AG0,US037977AG03,APID,,500000,PA,USD,500000,0.108721336816,Long,ABS-CBDO,CORP,JE,Y,2,2038-07-26,Floating,,N,N,N,N,N,N
Casa Systems T/L (05/23),N/A,Casa Systems T/L (05/23),14712WAE9,,,LX212725,498332.89,PA,USD,0.05,1.0872e-8,Long,LON,CORP,US,N,2,2027-12-20,Floating,12.26049839,Y,N,N,N,N,N
Rad CLO Ltd,N/A,RAD 2019-4A ER,749985AA5,US749985AA58,RAD,,2300000,PA,USD,2293566.9,0.498719318893,Long,ABS-CBDO,CORP,KY,Y,2,2032-04-25,Floating,10.7817696,N,N,N,N,N,N
INFINITE BIDCO LLC,549300GLV0VRADA9LI65,INFINITE BIDCO LLC TL,45674KAF2,US45674KAF21,INFELE,LX192661,69869,PA,USD,60218.69,0.013094112956,Long,LON,CORP,US,N,2,2029-03-02,Floating,11.5412616,N,N,N,N,N,N
Worldwide Express/GlobalTranz 11/24 Cov-Lite TLB,N/A,Worldwide Express/GlobalTranz 11/24 Cov-Lite TLB,00435UAF5,,,LX250855,1270498.58,PA,USD,1269901.45,0.276130766539,Long,LON,CORP,US,N,2,2028-07-26,Floating,8.2956096,N,N,N,N,N,N
Invesco Treasury Portfolio,5493004B3TM8ZIDDDC39,INVESCO TREASURY PORTFOLIO INSTITUTIONAL CLASS,825252406,US8252524066,TRPXX,,19824087.39,NS,USD,19824087.39,4.31060256443,Long,STIV,RF,US,N,1,,,,,,,N,N,N
Hertz 6/21 TLB,N/A,Hertz 6/21 TLB,N/A,,,LX195525,209064.33,PA,USD,173262.06,0.037674565565,Long,LON,CORP,US,N,2,2028-06-30,Floating,8.04125879,N,N,N,N,N,N
Oak Hill Credit,N/A,OAKC 2014-10RA SUB,67106KAE7,US67106KAE73,OAKC,,9091692,PA,USD,4193720.22,0.911893737108,Long,ABS-O,CORP,KY,Y,2,,,,,,,N,N,N
Southern Veterinary 10/24 Cov-Lite TL,N/A,Southern Veterinary 10/24 Cov-Lite TL,84410HAN0,,,LX250177,2230221.19,PA,USD,2231113.28,0.485139236782,Long,LON,CORP,US,N,2,2031-12-04,Floating,7.5273408,N,N,N,N,N,N
Imperial Bag & Paper/Imperial Dade 2/25 TLB,N/A,Imperial Bag & Paper/Imperial Dade 2/25 TLB,05550HAQ8,,,LX259419,3912945.24,PA,USD,3886532.86,0.845098096243,Long,LON,CORP,US,N,2,2030-12-11,Floating,7.5768084,N,N,N,N,N,N
SciQuest/Jaggaer 10/24 TL,N/A,SciQuest/Jaggaer 10/24 TL,N/A,,,LX247915,1563394.13,PA,USD,1569741.51,0.341328790848,Long,LON,CORP,US,N,2,2031-12-05,Floating,7.33268879,N,N,N,N,N,N
Endurance Intl/Endure Digital 12/24 COOP TLB,N/A,Endurance Intl/Endure Digital 12/24 COOP TLB,N/A,,,LX255847,651538.24,PA,USD,462592.15,0.100587273897,Long,LON,CORP,US,N,2,2028-02-10,Floating,7.9218,N,N,N,N,N,N
Trip.com/TripAdvisor 7/24 TLB,N/A,Trip.com/TripAdvisor 7/24 TLB,89677NAE4,,,LX236694,878359.73,PA,USD,875065.88,0.190276664552,Long,LON,CORP,US,N,2,2031-07-08,Floating,7.0768116,N,N,N,N,N,N
Focus Financial Partners 1/25 Add-On Cov-Lite TLB,N/A,Focus Financial Partners 1/25 Add-On Cov-Lite TLB,34416DBD9,,,LX258537,1990311.52,PA,USD,1985594.48,0.431752972483,Long,LON,CORP,US,N,2,2031-09-15,Floating,7.0768116,N,N,N,N,N,N
June Purchaser/Janney Montgomery 9/24 DTL,N/A,June Purchaser/Janney Montgomery 9/24 DTL,48171UAD7,,,LX244814,190179.47,PA,USD,190892.64,0.041508206018,Long,LON,CORP,US,N,2,2031-11-28,Floating,,N,N,N,N,N,N
KKR Financial CLO Ltd,N/A,KKR 2024-60A E,49835NAA5,US49835NAA54,KKR,,1325000,PA,USD,1342067.46,0.291822736699,Long,ABS-CBDO,CORP,KY,Y,2,2038-01-15,Floating,10.3560984,N,N,N,N,N,N
FIRST BRANDS GROUP LLC,N/A,"FIRST BRANDS GROUP, LLC TL",31935HAD9,US31935HAD98,TRICGR,LX193456,250000,PA,USD,235765,0.051265371949,Long,LON,CORP,US,N,2,2027-03-30,Floating,9.5412996,N,N,N,N,N,N
McDermott Intl/Lummus 12/24 Cov-Lite TLB,N/A,McDermott Intl/Lummus 12/24 Cov-Lite TLB,45232UAG3,,,LX255857,1826816.69,PA,USD,1830963.56,0.398129611812,Long,LON,CORP,US,N,2,2029-12-31,Floating,7.32681,N,N,N,N,N,N
CHG Healthcare 12/24 Cov-Lite TLB1,N/A,CHG Healthcare 12/24 Cov-Lite TLB1,12541HAW3,,,LX255579,1127578.7,PA,USD,1131029.09,0.245933989287,Long,LON,CORP,US,N,2,2028-09-29,Floating,7.33268159,N,N,N,N,N,N
Qualtrics 2/25 Cov-Lite TLB,N/A,Qualtrics 2/25 Cov-Lite TLB,74773KAE5,,,LX259146,1969924.85,PA,USD,1974849.66,0.429416590095,Long,LON,CORP,US,N,2,2030-06-28,Floating,6.54560999,N,N,N,N,N,N
Jo-Ann Stores Exit TL,N/A,Jo-Ann Stores Exit TL,63988HAH9,,,LX231593,127538.96,PA,USD,30609.35,0.006655778902,Long,LON,CORP,US,N,2,2028-04-28,Floating,15.9999984,Y,N,N,N,N,N
TICP 2020-15A SUB,N/A,TICP 2020-15A SUB,87250TAB6,US87250TAB61,,,21000000,PA,USD,13394010,2.912429345077,Long,ABS-O,CORP,KY,Y,2,,,,,,,N,N,N
Tallgrass Energy 12/24 TLB,N/A,Tallgrass Energy 12/24 TLB,73955HAE4,,,LX256005,1386082.75,PA,USD,1393442.85,0.302993938859,Long,LON,CORP,US,N,2,2029-08-01,Floating,8.57680919,N,N,N,N,N,N
Oaktree CLO Ltd,N/A,OAKCL 2019-3A SUB,67400GAC3,US67400GAC33,OAKCL,,4000000,PA,USD,2434800,0.529429421763,Long,ABS-O,CORP,KY,Y,2,,,,,,,N,N,N
OCP CLO Ltd,254900KJTZSIMELS6Y52,OCP 2022-24A SUB,67119NAC0,US67119NAC02,OCP,,7445299,PA,USD,4787476.16,1.041001616188,Long,ABS-O,CORP,JE,Y,2,,,,,,,N,N,N
Recette CLO LLC,549300392I5L5XOJ0016,RCTTE 2015-1A YRR,75620RAH5,US75620RAH57,RCTTE,,10400000,PA,USD,145494.96,0.031636813102,Long,ABS-O,CORP,KY,Y,3,,,,,,,N,N,N
New Arclin/ARC Falcon 9/21 Cov-Lite TL,N/A,New Arclin/ARC Falcon 9/21 Cov-Lite TL,03880YAC8,,,LX197411,371652.73,PA,USD,372537.26,0.081005497842,Long,LON,CORP,US,N,2,2028-09-30,Floating,7.9268112,N,N,N,N,N,N
Hyperion Insurance/Howden 8/24 TLB,N/A,Hyperion Insurance/Howden 8/24 TLB,G4712JAY8,,,LX239293,439009.97,PA,USD,441082.1,0.095910071115,Long,LON,CORP,US,N,2,2030-04-18,Floating,7.8268104,N,N,N,N,N,N
BROWN GROUP HOLDING LLC,25490094PF4HHK9QS109,Signature Aviation/BBA Aviation 6/22 TLB2,11565HAD8,US11565HAD89,SIGLN,LX205479,471566.82,PA,USD,472047.82,0.102643340063,Long,LON,CORP,US,N,2,2031-07-01,Floating,6.80641919,N,N,N,N,N,N
Neuberger Berman CLO Ltd,549300UMYON6L2REF246,NEUB 2022-50A SUB,64134WAC8,US64134WAC82,NEUB,,6500000,PA,USD,4216550,0.91685790551,Long,ABS-O,CORP,JE,Y,2,,,,,,,N,N,N
Wind River CLO Ltd,254900W8N6WOFX1LSH24,WINDR 2017-1A ER,97315XAA1,US97315XAA19,WINDR,,1500000,PA,USD,1463236.2,0.318169991485,Long,ABS-CBDO,CORP,KY,Y,2,2036-04-18,Floating,11.5910784,N,N,N,N,N,N
New Fortress Energy 2/25 Incremental TLB,N/A,New Fortress Energy 2/25 Incremental TLB,64439HAC3,,,LX259736,1400277.13,PA,USD,753041.03,0.163743254919,Long,LON,CORP,US,N,2,2028-10-30,Floating,9.8074908,N,N,N,N,N,N
Summit Behavioral 4/24 TLB,N/A,Summit Behavioral 4/24 TLB,86602KAF3,,,LX230493,1053344.58,PA,USD,790008.44,0.171781547386,Long,LON,CORP,US,N,2,2028-11-24,Floating,8.5456116,N,N,N,N,N,N
UST GLOBAL INC,984500398691E4511Z04,"UST Holdings, Ltd. TL",90355HAB0,US90355HAB06,USTGLO,LX199512,550655.01,PA,USD,552031.65,0.120035237906,Long,LON,CORP,US,N,2,2028-11-20,Floating,7.3117584,N,N,N,N,N,N
Altera/Gryphon 6/25 Cov-Lite TLB,N/A,Altera/Gryphon 6/25 Cov-Lite TLB,N/A,,,LX264587,695723.11,PA,USD,695145.66,0.151154330875,Long,LON,CORP,US,N,2,2032-06-18,Floating,,N,N,N,N,N,N
Tenneco Inc TL B,N/A,Tenneco Inc TL B,88037HAP9,,,LX209152,1076969.78,PA,USD,1048968.57,0.228090530418,Long,LON,CORP,US,N,2,2028-11-17,Floating,9.4219416,N,N,N,N,N,N
CIFC Funding Ltd,635400VBVF8AYJQBI411,CIFC 2018-1A SUB,12547WAC8,US12547WAC82,CIFC,,10250000,PA,USD,3881162.5,0.843930350807,Long,ABS-O,CORP,KY,Y,2,,,,,,,N,N,N
Trace3 10/21 Cov-Lite TL,N/A,Trace3 10/21 Cov-Lite TL,29629LAB9,,,LX198887,339424.23,PA,USD,338904.91,0.073692389738,Long,LON,CORP,US,N,2,2028-10-08,Floating,8.80721999,N,N,N,N,N,N
CORELOGIC INC,54930086CD8K2UIL0516,"CoreLogic, Inc., TL",21870FBA6,US21870FBA66,CLGX,LX193776,1084754.93,PA,USD,1072215.16,0.233145331101,Long,LON,CORP,US,N,2,2028-06-02,Floating,7.94129039,N,N,N,N,N,N
Sovos Compliance 2/25 Cov-Lite TL,N/A,Sovos Compliance 2/25 Cov-Lite TL,84611YAE0,,,LX258495,250000,PA,USD,251110,0.054602029776,Long,LON,CORP,US,N,2,2029-08-13,Floating,8.3268108,N,N,N,N,N,N
First Advantage 9/24 TLB,N/A,First Advantage 9/24 TLB,78477MAG6,,,LX245526,823613.62,PA,USD,823358.3,0.17903323011,Long,LON,CORP,US,N,2,2031-10-31,Floating,7.5768084,N,N,N,N,N,N
ExamWorks/Electron 11/21 Cov-Lite TL,N/A,ExamWorks/Electron 11/21 Cov-Lite TL,28542CAC3,,,LX197890,687198.68,PA,USD,688696.77,0.149752066991,Long,LON,CORP,US,N,2,2028-11-01,Floating,7.07384159,N,N,N,N,N,N
DIRECTV FINANCING LLC,N/A,"DIRECTV Financing, LLC TL 1L",25460HAB8,US25460HAB87,DTV,LX196261,275747.02,PA,USD,276502.57,0.060123458087,Long,LON,CORP,US,N,2,2027-08-02,Floating,9.54125999,N,N,N,N,N,N
CBAMR Ltd,N/A,CBAM 2018-8A E2R,12478FAG9,US12478FAG90,CBAMR,,1000000,PA,USD,1008148,0.219214396538,Long,ABS-CBDO,CORP,KY,Y,2,2037-07-15,Floating,10.6260984,N,N,N,N,N,N
GETTY IMAGES INC,5493005NV20IG4VEKZ40,GETTY IMAGES INC ABEGET 11 1/4 02/21/30,374276AM5,US374276AM59,ABEGET,,376325,PA,USD,373502.56,0.081215395255,Long,DBT,CORP,US,Y,2,2030-02-21,Fixed,11.25,N,N,N,N,N,N
ARES CLO Ltd,5493003FNA8PT0CMDE92,ARES 2019-51A INC,04017LAA4,US04017LAA44,ARES,,1699959,PA,USD,769112.45,0.167237867452,Long,ABS-O,CORP,KY,Y,2,,,,,,,N,N,N
Colonial Pipeline 6/25 TLB,N/A,Colonial Pipeline 6/25 TLB,N/A,,,LX264525,472348.26,PA,USD,468923.74,0.101964031755,Long,LON,CORP,US,N,2,2032-06-11,Floating,,N,N,N,N,N,N
VACO HOLDINGS LLC,54930076HTNXBP03T379,"Vaco Holdings, LLC TL 1L",91865FAJ8,US91865FAJ84,VACHOL,LX202020,495688.06,PA,USD,453306.73,0.098568227347,Long,LON,CORP,US,N,2,2029-01-21,Floating,9.44561159,N,N,N,N,N,N
Pro Mach 2/25 Cov-Lite TLB,N/A,Pro Mach 2/25 Cov-Lite TLB,74273JAK9,,,LX258921,1453507.76,PA,USD,1455993.26,0.316595067247,Long,LON,CORP,US,N,2,2028-08-31,Floating,7.0768116,N,N,N,N,N,N
Atlantic Broadband/Breezeline 9/23 TL B,N/A,Atlantic Broadband/Breezeline 9/23 TL B,19239BAD0,,,LX216860,969411.86,PA,USD,966387.29,0.210133836103,Long,LON,CORP,US,N,2,2030-09-18,Floating,7.5768084,N,N,N,N,N,N
ELEMENT MTRL TECH GP HLDG TL,N/A,ELEMENT MTRL TECH GP HLDG TL,284375LE0,,,LX203895,1109170.25,PA,USD,1110090.86,0.241381124574,Long,LON,CORP,US,N,2,2029-07-06,Floating,8.04561119,N,N,N,N,N,N
"Fusion Parent, LLC - Common Equity",N/A,"Fusion Parent, LLC - Common Equity",N/A,,,LX264545,8284,NS,USD,221597,0.048184644149,Long,EC,CORP,US,N,2,,,,,,,N,N,N
Tacala 9/24 Cov-Lite TLB,N/A,Tacala 9/24 Cov-Lite TLB,87339PAD5,,,LX247574,311761.35,PA,USD,312905.51,0.068039010689,Long,LON,CORP,US,N,2,2031-01-31,Floating,7.8268104,N,N,N,N,N,N
Cotiviti 2/24 TL,N/A,Cotiviti 2/24 TL,22164MAB3,,,LX227235,1063494.15,PA,USD,1057517.31,0.2299493913,Long,LON,CORP,US,N,2,2031-05-01,Floating,7.0742196,N,N,N,N,N,N
RVR DEALERSHIP HOLDINGS,N/A,"RV Retailer, LLC TLB",75001CAB0,US75001CAB00,RVRETL,LX192101,979455.73,PA,USD,894027.6,0.194399751646,Long,LON,CORP,US,N,2,2028-02-08,Floating,8.1768096,N,N,N,N,N,N
TAMKO Building 10/24 Cov-Lite TLB,N/A,TAMKO Building 10/24 Cov-Lite TLB,87510EAD1,,,LX249774,883708.93,PA,USD,884539.62,0.192336659907,Long,LON,CORP,US,N,2,2030-09-20,Floating,7.0676208,N,N,N,N,N,N
Magnetite CLO Ltd,549300P6T1S83Z2MDF55,MAGNE 2019-24A ER,55954XAE7,US55954XAE76,MAGNE,,500000,PA,USD,500110.6,0.108745385976,Long,ABS-CBDO,CORP,KY,Y,2,2035-04-15,Floating,10.6561008,N,N,N,N,N,N
Neuberger Berman CLO Ltd,2549008MU2CMQ0UY7J70,NEUB 2024-54A SUB,64135RAC8,US64135RAC88,NEUB,,3465000,PA,USD,2594626.65,0.564182555857,Long,ABS-O,CORP,JE,Y,2,,,,,,,N,N,N
Rockland Park CLO Ltd,N/A,ROCKP 2021-1A M2,77366PAG5,US77366PAG54,ROCKP,,9750000,PA,USD,98508.15,0.02141987551,Long,ABS-O,CORP,KY,Y,3,,,,,,,N,N,N
Madison Park Funding Ltd,N/A,MDPK 2018-28A SUB,55821BAE6,US55821BAE65,MDPK,,5949336,PA,USD,2518353.93,0.547597611695,Long,ABS-O,CORP,KY,Y,2,,,,,,,N,N,N
Sedgwick CMS 2/23 TLB,N/A,Sedgwick CMS 2/23 TLB,81527CAP2,,,LX211038,3236276.57,PA,USD,3246406.12,0.705907226433,Long,LON,CORP,US,N,2,2031-07-31,Floating,7.32681,N,N,N,N,N,N
Mavenir 11/24 New Money TL,N/A,Mavenir 11/24 New Money TL,N/A,,,LX253793,14260.61,PA,USD,,,Long,LON,CORP,US,N,2,2025-09-02,Floating,14.3099316,Y,N,N,N,N,N
SABRE GLBL INC,F2TJC7HPPHLHU1AQMP98,Sabre GLBL Inc. TLB2,78571YBF6,US78571YBF60,SABHLD,LX196145,278852.92,PA,USD,273473.85,0.059464885112,Long,LON,CORP,US,N,2,2027-12-17,Floating,7.94129039,N,N,N,N,N,N
Alliant Insurance 9/24 B6 TLB,N/A,Alliant Insurance 9/24 B6 TLB,01881UAM7,,,LX245521,24353.86,PA,USD,24356.54,0.005296151178,Long,LON,CORP,US,N,2,2031-09-19,Floating,7.0715088,N,N,N,N,N,N
Galaxy CLO Ltd,3912004FNLYTWOWSZU31,GALXY 2024-33A SUB,36321FAC6,US36321FAC68,GALXY,,2000000,PA,USD,1360360,0.295800315504,Long,ABS-O,CORP,KY,Y,2,,,,,,,N,N,N
RR Ltd,254900FV8ZM4T7O1K491,RRAM 2023-25A SUB,75000LAE5,US75000LAE56,RRAM,,9780000,PA,USD,6105165,1.327523400575,Long,ABS-O,CORP,BM,Y,2,,,,,,,N,N,N
Hanger Orthopedic 10/24 TLB,N/A,Hanger Orthopedic 10/24 TLB,41043BAH1,,,LX248753,782854.38,PA,USD,783605.92,0.17038936632,Long,LON,CORP,US,N,2,2031-10-23,Floating,7.8268104,N,N,N,N,N,N
Berlin Packaging 12/24 B7 TLB,N/A,Berlin Packaging 12/24 B7 TLB,08511LBC1,,,LX255432,253215.31,PA,USD,254040.79,0.055239308589,Long,LON,CORP,US,N,2,2031-06-07,Floating,7.8107616,N,N,N,N,N,N
SABRE GLBL INC,F2TJC7HPPHLHU1AQMP98,Sabre GLBL Inc.TLB2 1L,78571YBJ8,US78571YBJ82,SABHLD,LX206871,58181.52,PA,USD,57599.7,0.012524632768,Long,LON,CORP,US,N,2,2028-06-30,Floating,9.42680879,N,N,N,N,N,N
Michael Baker 1/25 TLB,N/A,Michael Baker 1/25 TLB,59406MAF4,,,LX258116,272825.6,PA,USD,273848.7,0.059546393499,Long,LON,CORP,US,N,2,2028-12-01,Floating,8.2796508,N,N,N,N,N,N
Clover CLO,N/A,CLVR 2021-3A SUB,00142QAL5,US00142QAL59,CLVR,,5500000,PA,USD,3924800,0.853419005477,Long,ABS-O,CORP,US,Y,2,,,,,,,N,N,N
Citco 6/24 TLB,N/A,Citco 6/24 TLB,17302JAK3,,,LX234813,774187.95,PA,USD,777478.25,0.169056949372,Long,LON,CORP,US,N,2,2028-04-27,Floating,6.9336684,N,N,N,N,N,N
Virgin Media 3/23 TLY,N/A,Virgin Media 3/23 TLY,G9368PBH6,,,LX211224,976310.19,PA,USD,962778.53,0.20934913768,Long,LON,CORP,GB,N,2,2031-03-31,Floating,7.3730016,N,N,N,N,N,N
Hyperion Insurance/Howden 11/24 (USD) Cov-Lite TLB,N/A,Hyperion Insurance/Howden 11/24 (USD) Cov-Lite TLB,G4712JAZ5,,,LX254074,3009236.19,PA,USD,3017090.3,0.656044181426,Long,LON,CORP,LU,N,2,2031-02-15,Floating,7.32681,N,N,N,N,N,N
National Intergovernmental Purchasing/Omnia TLB,N/A,National Intergovernmental Purchasing/Omnia TLB,68218HAE7,,,LX224593,2302762.56,PA,USD,2306124.59,0.501449896582,Long,LON,CORP,US,N,2,2030-07-25,Floating,7.03262159,N,N,N,N,N,N
WeddingWire 12/24 TLB,N/A,WeddingWire 12/24 TLB,94847DAJ0,,,LX255854,1082136,PA,USD,1076725.32,0.234126032349,Long,LON,CORP,US,N,2,2028-01-31,Floating,8.0768088,N,N,N,N,N,N
RR Ltd,549300RJ4N2AJDFNE876,RRAM 2021-19A DR,74983BAJ0,US74983BAJ08,RRAM,,500000,PA,USD,499236.55,0.108555330207,Long,ABS-CBDO,CORP,KY,Y,2,2040-04-15,Floating,9.06478919,N,N,N,N,N,N
TORRID LLC,254900PHLV1YJ5P5SQ69,"TORRID LLC, TLB",89142DAB9,US89142DAB91,CURV,LX195160,168336.18,PA,USD,152512.58,0.033162743157,Long,LON,CORP,US,N,2,2028-06-14,Floating,10.1782692,N,N,N,N,N,N
Ardonagh 6/24 Cov-Lite TLB,N/A,Ardonagh 6/24 Cov-Lite TLB,Q0500HAB5,,,LX236634,2377921.02,PA,USD,2357114.21,0.512537215882,Long,LON,CORP,US,N,2,2031-02-15,Floating,7.03305,N,N,N,N,N,N
Victra/LSF9 Atlantis 2/25 TLB,N/A,Victra/LSF9 Atlantis 2/25 TLB,50226BAM0,,,LX259387,1768773.66,PA,USD,1766562.69,0.384126114455,Long,LON,CORP,US,N,2,2029-03-31,Floating,8.5456116,N,N,N,N,N,N
Idera 6/24 TL,N/A,Idera 6/24 TL,45168RAT0,,,LX234473,1576645.01,PA,USD,1474084.25,0.320528820481,Long,LON,CORP,US,N,2,2028-03-02,Floating,7.77592079,N,N,N,N,N,N
CIFC Funding Ltd,254900SVOWCOSOG16T40,CIFC 2019-3A SUB,12554UAC2,US12554UAC27,CIFC,,840000,PA,USD,707918.4,0.15393166961,Long,ABS-O,CORP,KY,Y,2,,,,,,,N,N,N
Elmwood CLO VII Ltd.,N/A,ELMW7 2020-4A SUB,29002RAC1,US29002RAC16,ELMW7,,8350000,PA,USD,3915816,0.851465500497,Long,ABS-O,CORP,KY,Y,2,,,,,,,N,N,N
Neuberger Berman CLO Ltd,549300RYH1PYRU661D66,NEUB 2021-41A E,64134CAA6,US64134CAA62,NEUB,,1250000,PA,USD,1252252.38,0.272293105571,Long,ABS-CBDO,CORP,KY,Y,2,2034-04-15,Floating,11.01770999,N,N,N,N,N,N
"INVESCO CLO 2021-1, Ltd",25490016C8NV86EY2059,INVCO 2021-1A SUB,46090YAC3,US46090YAC30,INVCO,,3000000,PA,USD,1024977.9,0.222873934991,Long,ABS-O,CORP,KY,Y,2,,,,,,,N,N,N
Infoblox 1/25 TLB,N/A,Infoblox 1/25 TLB,24780DAJ6,,,LX258130,1267199.15,PA,USD,1257467.06,0.273426999532,Long,LON,CORP,US,N,2,2029-11-30,Floating,7.0688988,N,N,N,N,N,N
K-Mac 1/25 Cov-Lite TL,N/A,K-Mac 1/25 Cov-Lite TL,55304PAG6,,,LX258374,381453.89,PA,USD,382964.45,0.083272813914,Long,LON,CORP,US,N,2,2028-07-21,Floating,7.5768084,N,N,N,N,N,N
Kantar 2/24 Extended TLB,N/A,Kantar 2/24 Extended TLB,L8869UAG8,,,LX226824,761071.31,PA,USD,762973.99,0.165903104298,Long,LON,CORP,US,N,2,2029-02-15,Floating,9.5556096,N,N,N,N,N,N
SPIRIT AEROSYSTEMS INC,ZD2NBKV6GCC3UMGBM518,"Spirit AeroSystems, Inc. TL 1L",84857HAY6,US84857HAY62,SPR,LX209317,111503.11,PA,USD,111503.11,0.024245534356,Long,LON,CORP,US,N,2,2027-01-15,Floating,8.7796512,N,N,N,N,N,N
Ancestry.com 2/21 Cov-Lite TLB,N/A,Ancestry.com 2/21 Cov-Lite TLB,03952HAD6,,,LX192925,1496744.79,PA,USD,1476718.34,0.321101584053,Long,LON,CORP,US,N,2,2027-12-06,Floating,7.6768092,N,N,N,N,N,N
Harbortouch 5/25 TL,N/A,Harbortouch 5/25 TL,N/A,,,LX262822,212869.67,PA,USD,214532.18,0.046648450799,Long,LON,CORP,US,N,2,2032-06-30,Floating,,N,N,N,N,N,N
TGP Holdings III (Traeger Grills) T/L (6/21),N/A,TGP Holdings III (Traeger Grills) T/L (6/21),87251RAK9,,,LX195746,499922.56,PA,USD,444576.13,0.09666982234,Long,LON,CORP,US,N,2,2028-06-29,Floating,7.6768092,N,N,N,N,N,N
Sixth Street CLO LTD.,N/A,SIXST 2021-17A SUB,83012GAC0,US83012GAC06,SIXST,,1100000,PA,USD,843392,0.183389411401,Long,ABS-O,CORP,KY,Y,2,,,,,,,N,N,N
Carroll County 6/24 TLB,N/A,Carroll County 6/24 TLB,14474FAY0,,,LX236116,732501.62,PA,USD,733234.12,0.159436387452,Long,LON,CORP,US,N,2,2031-06-30,Floating,7.5456108,N,N,N,N,N,N
Hexion 12/24 TLB,N/A,Hexion 12/24 TLB,00217XAE6,,,LX255554,1564505.84,PA,USD,1560266.03,0.339268417143,Long,LON,CORP,US,N,2,2029-03-15,Floating,8.31175919,N,N,N,N,N,N
Acrisure 12/24 B6 Cov-Lite TL,N/A,Acrisure 12/24 B6 Cov-Lite TL,00488PAV7,,,LX256061,2458896.74,PA,USD,2450118.48,0.53276031301,Long,LON,CORP,US,N,2,2030-11-06,Floating,7.32681,N,N,N,N,N,N
Flexera Software 12/24 Cov-Lite TL,N/A,Flexera Software 12/24 Cov-Lite TL,33937KAX2,,,LX256036,994050.74,PA,USD,993692.88,0.216071236598,Long,LON,CORP,US,N,2,2028-03-03,Floating,7.30998,N,N,N,N,N,N
Univision 5/24 TLB,N/A,Univision 5/24 TLB,914908BG2,,,LX233896,259195.29,PA,USD,253578.53,0.055138793539,Long,LON,CORP,US,N,2,2029-01-31,Floating,7.94129039,N,N,N,N,N,N
FOUNDATION BUILDING M,549300ZVE6MONHB01I28,"Foundation Building Materials, Inc TL",35039KAB2,US35039KAB26,FBM,LX192263,217689.8,PA,USD,214696.57,0.0466841962,Long,LON,CORP,US,N,2,2028-01-31,Floating,7.79126039,N,N,N,N,N,N
Fairbanks Morse 3/25 TL,N/A,Fairbanks Morse 3/25 TL,03960DAH6,,,LX260821,606093.57,PA,USD,608475.52,0.132308543909,Long,LON,CORP,US,N,2,2030-06-23,Floating,7.5776184,N,N,N,N,N,N
McAfee/Magenta 8/24 Super Priority TL,N/A,McAfee/Magenta 8/24 Super Priority TL,55909UAC3,,,LX242113,142199.28,PA,USD,143503.25,0.031203730355,Long,LON,CORP,US,N,2,2028-07-27,Floating,10.5296508,N,N,N,N,N,N
Kidde Global 10/24 TLB,N/A,Kidde Global 10/24 TLB,50221UAC5,,,LX248262,1104993.31,PA,USD,1109833.18,0.241325093946,Long,LON,CORP,US,N,2,2031-12-02,Floating,8.5742208,N,N,N,N,N,N
"MH SUB I, LLC",N/A,"MH SUB I, LLC",45567YAN5,US87266UAB52,,LX212015,1030232.69,PA,USD,965523.77,0.209946070005,Long,LON,CORP,NL,N,2,2028-05-03,Floating,8.57680919,N,N,N,N,N,N
MAVENIR SYSTEMS INC,549300Q70CXM8TJLTD42,"Mavenir Systems, Inc. TLB 1L",57767EAE2,US57767EAE23,MAVSYS,LX197031,476514.08,PA,USD,142954.22,0.031084347804,Long,LON,CORP,US,N,2,2028-08-18,Floating,9.34430039,Y,N,N,N,N,N
"Sixth Street CLO XVI, Ltd.",549300YD05LZSDNMVF16,SIXST 2020-16A SUB,83012EAB7,US83012EAB74,SIXST,,8000000,PA,USD,4907040,1.066999897227,Long,ABS-O,CORP,KY,Y,2,,,,,,,N,N,N
Bowling Green Park CLO LLC,N/A,CLVR 2019-1A SUB,00871QAC2,US00871QAC24,BWLPK,,8339200,PA,USD,5530557.44,1.202579196438,Long,ABS-O,CORP,KY,Y,2,,,,,,,N,N,N
Carlyle Global Market Strategi,N/A,CGMS 2021-5A SUB,14318AAE5,US14318AAE55,CGMS,,4000000,PA,USD,2040160,0.44361784504,Long,ABS-O,CORP,KY,Y,2,,,,,,,N,N,N
Wilsonart International 7/24 TLB,N/A,Wilsonart International 7/24 TLB,97246FAM8,,,LX238593,981741.18,PA,USD,965483.55,0.209937324461,Long,LON,CORP,US,N,2,2031-08-05,Floating,8.5456116,N,N,N,N,N,N
"Niagara Park CLO, Ltd.",N/A,NIAPK 2019-1A G,65357KAJ6,US65357KAJ60,NIAPK,,225000,PA,USD,208318.5,0.045297331607,Long,ABS-O,CORP,KY,Y,2,,,,,,,N,N,N
ALLIED UNIVERSAL HOLDCO,98450038B4549046D794,Allied Universal Holdco LLC TL,01957TAH0,US01957TAH05,UNSEAM,LX194227,2886094.62,PA,USD,2898851.16,0.630333946696,Long,LON,CORP,US,N,2,2028-05-12,Floating,8.1768096,N,N,N,N,N,N
Viavi 6/25 TLB,N/A,Viavi 6/25 TLB,N/A,,,LX259929,342839.73,PA,USD,342627.17,0.074501767904,Long,LON,CORP,US,N,2,2032-06-15,Floating,,N,N,N,N,N,N
Dave & Buster's 1/24 Cov-Lite TLB,N/A,Dave & Buster's 1/24 Cov-Lite TLB,23833EAX2,,,LX224837,446565.19,PA,USD,431788.35,0.093889213267,Long,LON,CORP,US,N,2,2029-06-29,Floating,7.5624984,N,N,N,N,N,N
Carlyle Global Market Strategi,N/A,CGMS 2025-2A E,14320DAA3,US14320DAA37,CGMS,,845000,PA,USD,875788.76,0.190433849512,Long,ABS-CBDO,CORP,KY,Y,2,2038-07-25,Floating,11.0459988,N,N,N,N,N,N
ARES CLO Ltd,N/A,ARES 2017-44A SUB,04016NAJ2,US04016NAJ28,ARES,,6288428,PA,USD,1333550.45,0.289970775273,Long,ABS-O,CORP,KY,Y,2,,,,,,,N,N,N
Wind River CLO Ltd,N/A,WINDR 2018-2A SUB,88433LAC9,US88433LAC90,WINDR,,3031000,PA,USD,223899.67,0.04868534287,Long,ABS-O,CORP,KY,Y,2,,,,,,,N,N,N
"BCPE Grill Parent, Inc. (Fogo de Chao) TLB",N/A,"BCPE Grill Parent, Inc. (Fogo de Chao) TLB",05553QAB8,,,LX216735,849291.45,PA,USD,824415.7,0.179263153993,Long,LON,CORP,US,N,2,2030-09-30,Floating,9.0456084,N,N,N,N,N,N
Anticimex 4/24 TLB,N/A,Anticimex 4/24 TLB,03703HAB2,,,LX229095,462994.07,PA,USD,464267.3,0.100951522992,Long,LON,CORP,SE,N,2,2028-11-16,Floating,7.66000079,N,N,N,N,N,N
PELICAN PRODUCTS INC,5493008CRWH2WFODTF44,"PELICAN PRODUCTS, INC. TL",70468BAC7,US70468BAC72,PELPRO,LX200283,474071.69,PA,USD,413034.96,0.089811426006,Long,LON,CORP,US,N,2,2028-12-29,Floating,8.80721999,N,N,N,N,N,N
Elmwood CLO 14 Ltd,N/A,ELM14 2022-1A SUB,29003XAE3,US29003XAE31,ELM14,,10000000,PA,USD,4943000,1.074819135771,Long,ABS-O,CORP,KY,Y,2,,,,,,,N,N,N
Regatta XVI Funding Ltd.,254900XPJFGKL5R4O429,REG16 2019-2A ER,75888QAL5,US75888QAL59,REG16,,1400000,PA,USD,1388646.42,0.301950990296,Long,ABS-CBDO,CORP,KY,Y,2,2033-01-15,Floating,11.35609919,N,N,N,N,N,N
SunSource 3/24 TL,N/A,SunSource 3/24 TL,12508KAJ6,,,LX228000,1734730.76,PA,USD,1704806.65,0.370697716004,Long,LON,CORP,US,N,2,2031-03-25,Floating,8.4268116,N,N,N,N,N,N
WideOpenWest 10/24 Super-Priority FO New Money TL,N/A,WideOpenWest 10/24 Super-Priority FO New Money TL,96758DBG7,,,LX249693,677112.86,PA,USD,692347.9,0.15054597846,Long,LON,CORP,US,N,2,2028-12-11,Floating,11.5033212,N,N,N,N,N,N
PMHC II INC,549300GYZ1T3S8OPH343,"PMHC II, Inc. TL",69346EAG2,US69346EAG26,PRIMIN,LX196485,519394.66,PA,USD,452449.88,0.098381911592,Long,LON,CORP,US,N,2,2029-04-23,Floating,8.64170999,N,N,N,N,N,N
Air Medical 4/24 PIK TL,N/A,Air Medical 4/24 PIK TL,00169QAG4,,,LX230155,1624700.02,PA,USD,1625609.85,0.353476952069,Long,LON,CORP,US,N,2,2028-10-31,Floating,9.82850039,N,N,N,N,N,N
Jo-Ann Inc New Common,N/A,Jo-Ann Inc New Common,47768J200,US47768J2006,,,379111,NS,USD,49284.43,0.010716538227,Long,EC,CORP,US,N,2,,,,,,,N,N,N
Sound Point CLO LTD,549300G09B8CGBRMLL31,SNDPT 2017-4A D,83608DAA1,US83608DAA19,SNDPT,,500000,PA,USD,340645.1,0.074070781304,Long,ABS-CBDO,CORP,KY,Y,2,2031-01-21,Floating,10.0310796,N,N,N,N,N,N
COHERENT CORP,549300O5C25A0MMHHU33,II-VI INC COHR 5 12/15/29,902104AC2,US902104AC24,COHR,,146000,PA,USD,143469.83,0.03119646342,Long,DBT,CORP,US,Y,2,2029-12-15,Fixed,5,N,N,N,N,N,N
"Unity-Peace Park CLO, Ltd.",N/A,UNPPK 2022-1A SUB,913319AC3,US913319AC30,UNPPK,,4000000,PA,USD,2048800,0.44549654974,Long,ABS-O,CORP,JE,Y,2,,,,,,,N,N,N
Invenergy 4/25 TLB,N/A,Invenergy 4/25 TLB,N/A,,,LX262694,15467.05,PA,USD,15559.85,0.003383375385,Long,LON,CORP,US,N,2,2032-05-14,Floating,,N,N,N,N,N,N
R1 RCM 10/24 Cov-Lite TLB,N/A,R1 RCM 10/24 Cov-Lite TLB,75419XAC8,,,LX249676,2578985.18,PA,USD,2575761.45,0.56008045633,Long,LON,CORP,US,N,2,2031-11-19,Floating,7.5768084,N,N,N,N,N,N
"SHUTTERFLY FINANCE, LLC, TL",N/A,"SHUTTERFLY FINANCE, LLC, TL",82568TAG3,,,LX213103,445587.0901,PA,USD,412355.2,0.089663617174,Long,LON,CORP,US,N,2,2027-10-01,Floating,9.3326904,N,N,N,N,N,N
"ZEST ACQUISITION CORP., TL",N/A,"ZEST ACQUISITION CORP., TL",46589UAE5,US46589UAE55,,LX210749,199957.66,PA,USD,198957.87,0.043261931193,Long,LON,CORP,US,N,2,2028-02-08,Floating,9.52965,N,N,N,N,N,N
Cision US/Castle US 4/25 FLSO (USD) TLB1,N/A,Cision US/Castle US 4/25 FLSO (USD) TLB1,14852DAJ0,,,LX262522,746111.17,PA,USD,403832.67,0.087810455465,Long,LON,CORP,US,N,2,2030-05-31,Floating,8.8415496,N,N,N,N,N,N
Broadstreet Partners 5/24 TLB4,N/A,Broadstreet Partners 5/24 TLB4,11132VAY5,,,LX232654,2372536.36,PA,USD,2374861.45,0.516396223197,Long,LON,CORP,US,N,2,2031-06-13,Floating,7.32681,N,N,N,N,N,N
Endeavor/EOC 1/25 Cov-Lite TLB,N/A,Endeavor/EOC 1/25 Cov-Lite TLB,26875YAB8,,,LX258125,2185118.66,PA,USD,2185796.05,0.47528533713,Long,LON,CORP,US,N,2,2032-03-24,Floating,7.32681,N,N,N,N,N,N
Viasat 5/23 TL,N/A,Viasat 5/23 TL,92555WAF2,,,LX212940,374299.21,PA,USD,356871.84,0.077599167034,Long,LON,CORP,US,N,2,2030-05-30,Floating,8.9262396,N,N,N,N,N,N
Rockland Park CLO Ltd,N/A,ROCKP 2021-1A M1,77366PAE0,US77366PAE07,ROCKP,,9750000,PA,USD,26200.2,0.005697041537,Long,ABS-O,CORP,KY,Y,3,,,,,,,N,N,N
Gray Television 6/24 TLB,N/A,Gray Television 6/24 TLB,389376BC7,,,LX233478,744332.5,PA,USD,743134.12,0.161589069921,Long,LON,CORP,US,N,2,2029-06-04,Floating,9.57413159,N,N,N,N,N,N
Amspec Parent 12/24 Delayed TL,N/A,Amspec Parent 12/24 Delayed TL,03218AAC3,,,LX264652,162058.66,PA,USD,162666.38,0.035370612577,Long,LON,CORP,US,N,2,2031-12-22,Floating,,N,N,N,N,N,N
CIFC Funding Ltd,2549007CW2XYI54L0R94,CIFC 2018-5A SUB,12551XAC9,US12551XAC92,CIFC,,5298000,PA,USD,2910403.32,0.632845879253,Long,ABS-O,CORP,KY,Y,2,,,,,,,N,N,N
Catawba Nation Gaming/Two Kings Casino 12/24 TLB,N/A,Catawba Nation Gaming/Two Kings Casino 12/24 TLB,14907EAD6,,,LX255613,1193096.14,PA,USD,1205528.2,0.262133274948,Long,LON,CORP,US,N,2,2032-03-29,Floating,9.0456084,N,N,N,N,N,N
Opella 3/25 (USD) Cov-Lite TL,N/A,Opella 3/25 (USD) Cov-Lite TL,N/A,,,LX260714,1847573.47,PA,USD,1853929.12,0.40312330458,Long,LON,CORP,US,N,2,2032-04-28,Floating,7.43517,N,N,N,N,N,N
Genuine Fin 1/25 Cov-Lite TLB,N/A,Genuine Fin 1/25 Cov-Lite TLB,37190DAN3,,,LX258354,1504557.9,PA,USD,1425568.61,0.309979450006,Long,LON,CORP,US,N,2,2030-09-27,Floating,7.5768084,N,N,N,N,N,N
Solenis 12/24 (USD) Cov-Lite TLB,N/A,Solenis 12/24 (USD) Cov-Lite TLB,68163YAJ4,,,LX255998,1773987.4,PA,USD,1751209.4,0.380787654028,Long,LON,CORP,US,N,2,2031-06-20,Floating,7.2956088,N,N,N,N,N,N
Benefit Street Partners CLO Lt,549300DICNUWMUKL3816,BSP 2022-29A ER,08186FAE5,US08186FAE51,BSP,,1750000,PA,USD,1746495.45,0.379762640137,Long,ABS-CBDO,CORP,JE,Y,2,2038-01-25,Floating,8.88176879,N,N,N,N,N,N
Benefit Street Partners CLO Lt,N/A,BSP 2024-36A SUB,081920AE0,US081920AE01,BSP,,2560000,PA,USD,2251827.2,0.489643326929,Long,ABS-O,CORP,KY,Y,2,,,,,,,N,N,N
Carlyle Global Market Strategi,N/A,CGMS 2019-4A DR,14317WAG3,US14317WAG33,CGMS,,750000,PA,USD,751409.1,0.163388403696,Long,ABS-CBDO,CORP,KY,Y,2,2035-04-15,Floating,10.8560988,N,N,N,N,N,N
Asurion 9/24 B12 TLB,N/A,Asurion 9/24 B12 TLB,04649VBD1,,,LX245653,311695.39,PA,USD,303610.01,0.066017772316,Long,LON,CORP,US,N,2,2030-09-19,Floating,8.57680919,N,N,N,N,N,N
Therakos 10/24 Cov-Lite TLB,N/A,Therakos 10/24 Cov-Lite TLB,83419KAC0,,,LX248756,1748321.96,PA,USD,1713355.52,0.372556605153,Long,LON,CORP,US,N,2,2030-11-29,Floating,9.58268879,N,N,N,N,N,N
Hightower 1/25 Cov-Lite TL,N/A,Hightower 1/25 Cov-Lite TL,43117LAN3,,,LX257633,1581600.26,PA,USD,1576333.53,0.342762177301,Long,LON,CORP,US,N,2,2032-02-03,Floating,7.2597204,N,N,N,N,N,N
ARES CLO Ltd,5493003FNA8PT0CMDE92,ARES 2019-51A SUB,04019MAC6,US04019MAC64,ARES,,4378142,PA,USD,1980802.79,0.430711054598,Long,ABS-O,CORP,KY,Y,2,,,,,,,N,N,N
Ply Gem/Pisces Midco/Cornerstone Building 7/22 TL,N/A,Ply Gem/Pisces Midco/Cornerstone Building 7/22 TL,21925FAB0,,,LX206337,497455.48,PA,USD,445635.54,0.096900183283,Long,LON,CORP,US,N,2,2028-08-01,Floating,9.9367596,N,N,N,N,N,N
Neuberger Berman CLO Ltd,549300Y2YE54ON4DJE28,NEUB 2021-40A E,64134KAA8,US64134KAA88,NEUB,,1670000,PA,USD,1670325.65,0.363200075175,Long,ABS-CBDO,CORP,KY,Y,2,2033-04-16,Floating,10.3721508,N,N,N,N,N,N
Tecta America 2/25 Cov-Lite TLB,N/A,Tecta America 2/25 Cov-Lite TLB,87876GAM4,,,LX258915,759737.54,PA,USD,760451.69,0.165354648642,Long,LON,CORP,US,N,2,2032-02-18,Floating,7.32681,N,N,N,N,N,N
Planview 12/24 TL,N/A,Planview 12/24 TL,72751PAJ3,,,LX256028,1079530.78,PA,USD,1048494.27,0.227987397358,Long,LON,CORP,US,N,2,2027-12-17,Floating,7.7956092,N,N,N,N,N,N
PARK RIVER HOLDINGS INC,254900PGY077KWCROT75,"PARK RIVER HOLDINGS, INC. TL",70082HAC0,US70082HAC07,PRIMBP,LX192016,657932.6,PA,USD,639240.73,0.138998213426,Long,LON,CORP,US,N,2,2027-12-28,Floating,7.79948999,N,N,N,N,N,N
Avalara 3/25 Cov-Lite TL,N/A,Avalara 3/25 Cov-Lite TL,05338KAB3,,,LX260206,1092142.32,PA,USD,1096041.27,0.238326144161,Long,LON,CORP,US,N,2,2032-03-26,Floating,7.5456108,N,N,N,N,N,N
Hunter Douglas 1/25 (USD) TLB,N/A,Hunter Douglas 1/25 (USD) TLB,N8137FAE0,,,LX257416,2474563.59,PA,USD,2463230.09,0.535611336544,Long,LON,CORP,US,N,2,2032-01-17,Floating,7.5456108,N,N,N,N,N,N
Global Tel Link 6/24 TL,N/A,Global Tel Link 6/24 TL,37959JAG6,,,LX237333,941216.23,PA,USD,927097.99,0.201590665666,Long,LON,CORP,US,N,2,2029-08-06,Floating,11.82681,N,N,N,N,N,N
Sixth Street CLO LTD.,254900750L60VUYV0C32,SIXST 2024-24A SUB,83011UAC0,US83011UAC09,SIXST,,7500000,PA,USD,5072100,1.102890984937,Long,ABS-O,CORP,JE,Y,2,,,,,,,N,N,N
Apex Group 2/25 (USD) Cov-Lite TLB,N/A,Apex Group 2/25 (USD) Cov-Lite TLB,G0472CAK1,,,LX259077,194721.27,PA,USD,193870.34,0.042155685067,Long,LON,CORP,US,N,2,2032-02-27,Floating,7.8247188,N,N,N,N,N,N
Neuberger Berman CLO Ltd,25490093SHVBS5BLDZ40,NEUB 2019-32RA E,64136FAA7,US64136FAA75,NEUB,,1500000,PA,USD,1500000,0.32616401045,Long,ABS-CBDO,CORP,KY,Y,2,2039-07-20,Floating,,N,N,N,N,N,N
Hudson River 10/24 TLB,N/A,Hudson River 10/24 TLB,44413EAJ7,,,LX250574,1136214.51,PA,USD,1138521.03,0.247563056751,Long,LON,CORP,US,N,2,2030-03-18,Floating,7.31440079,N,N,N,N,N,N
Epic Crude 10/24 TLB,N/A,Epic Crude 10/24 TLB,29428XAG5,,,LX248536,430645.04,PA,USD,431631.22,0.0938550465,Long,LON,CORP,US,N,2,2031-10-15,Floating,7.2560988,N,N,N,N,N,N
Neuberger Berman CLO Ltd,5493007YBEOXQIHH3C54,NEUB 2019-32A ER,64132EAL0,US64132EAL02,NEUB,,1500000,PA,USD,1506727.65,0.327626888653,Long,ABS-CBDO,CORP,KY,Y,2,2032-01-20,Floating,10.63108079,N,N,N,N,N,N
Benefit Street Partners CLO Lt,N/A,BSP 2021-23A E,08186XAA4,US08186XAA46,BSP,,1500000,PA,USD,1500000,0.32616401045,Long,ABS-CBDO,CORP,KY,Y,2,2034-04-25,Floating,11.35338119,N,N,N,N,N,N
GAINWELL ACQUISITION COR,N/A,MILANO ACQUISITION CORP. TLB,59909TAC8,US59909TAC80,MILACQ,LX189433,2448717.92,PA,USD,2355054.46,0.512089338335,Long,LON,CORP,US,N,2,2027-10-01,Floating,8.3956104,N,N,N,N,N,N
Quikrete 1/25 Cov-Lite TLB,N/A,Quikrete 1/25 Cov-Lite TLB,74839XAL3,,,LX258373,921559.29,PA,USD,919946.56,0.200035639606,Long,LON,CORP,US,N,2,2032-02-10,Floating,6.57681119,N,N,N,N,N,N
SABRE GLBL INC,F2TJC7HPPHLHU1AQMP98,Sabre GLBL Inc. TLB1,78571YBG4,US78571YBG44,SABHLD,LX196146,176338.16,PA,USD,172936.6,0.037603796673,Long,LON,CORP,US,N,2,2027-12-17,Floating,7.94129039,N,N,N,N,N,N
Oak Hill Credit,N/A,OAKC 2019-2A ER2,67707FAL5,US67707FAL58,OAKC,,1000000,PA,USD,999232.7,0.21727582987,Long,ABS-CBDO,CORP,KY,Y,2,2038-01-21,Floating,9.0694692,N,N,N,N,N,N
Truist Insurance 12/24 Cov-Lite TLB,N/A,Truist Insurance 12/24 Cov-Lite TLB,89788VAG7,,,LX255416,1223712.72,PA,USD,1223455.74,0.266031487178,Long,LON,CORP,US,N,2,2031-05-06,Floating,7.0456104,N,N,N,N,N,N
Windstream 9/24 TLB,N/A,Windstream 9/24 TLB,97381JAJ2,,,LX247741,1917500.93,PA,USD,1924691.56,0.418510078726,Long,LON,CORP,US,N,2,2031-10-01,Floating,9.1768104,N,N,N,N,N,N
Bausch + Lomb 9/23 Incremental,N/A,Bausch + Lomb 9/23 Incremental,C0787FAF9,,,LX216777,1368482.16,PA,USD,1366771.56,0.297194462252,Long,LON,CORP,CA,N,2,2028-09-29,Floating,8.3268108,N,N,N,N,N,N
Recette CLO LLC,549300392I5L5XOJ0016,RCTTE 2015-1A SUB,75620RAC6,US75620RAC60,RCTTE,,10400000,PA,USD,1145903.2,0.249168255533,Long,ABS-O,CORP,KY,Y,2,,,,,,,N,N,N
Anchorage Capital CLO LTD,549300AYL7KYENHY1C67,ANCHC 2021-20A ER,03331QAN6,US03331QAN60,ANCHC,,1500000,PA,USD,1466871.45,0.318960449964,Long,ABS-CBDO,CORP,KY,Y,2,2035-01-20,Floating,11.2694688,N,N,N,N,N,N
Tricorbraun 3/21 Cov-Lite TL,N/A,Tricorbraun 3/21 Cov-Lite TL,00184NAB3,,,LX192253,809716.58,PA,USD,808437.23,0.175788752756,Long,LON,CORP,US,N,2,2028-03-03,Floating,7.6912884,N,N,N,N,N,N
1-800 Contacts 1/25 Cov-Lite TL,N/A,1-800 Contacts 1/25 Cov-Lite TL,12656AAF6,,,LX258427,958667.36,PA,USD,960565.52,0.208867934869,Long,LON,CORP,US,N,2,2032-11-08,Floating,6.77964959,N,N,N,N,N,N
Elmwood CLO I Ltd.,N/A,ELMW1 2019-1A SUB,29001QAC4,US29001QAC42,ELMW1,,6000000,PA,USD,3096300,0.673267750372,Long,ABS-O,CORP,KY,Y,2,,,,,,,N,N,N
Benefit Street Partners CLO Lt,5493001ND55H5MJDIQ39,BSP 2019-17A ER2,08182AAG5,US08182AAG58,BSP,,2100000,PA,USD,2110476.27,0.458907602789,Long,ABS-CBDO,CORP,KY,Y,2,2037-10-15,Floating,10.4060988,N,N,N,N,N,N
ATHENAHEALTH GROUP INC,254900AA3KZN4Q7A5Z33,ATHENAHEALTH GROUP INC. TLB 1L,04686RAB9,US04686RAB96,ATHENA,LX202290,3335643.5,PA,USD,3330439.9,0.724179756232,Long,LON,CORP,US,N,2,2029-02-15,Floating,7.0768116,N,N,N,N,N,N
Magenta Buyer LLC (McAfee) Third Out TL (8/15/24),N/A,Magenta Buyer LLC (McAfee) Third Out TL (8/15/24),55909UAG4,,,LX242116,119506.73,PA,USD,27686.12,0.006020143955,Long,LON,CORP,US,N,2,2028-07-27,Floating,11.5507512,N,N,N,N,N,N
HILTON GRAND VAC LLC/INC,N/A,HILTON GRAND VAC HGVLLC 5 06/01/29,43284MAA6,US43284MAA62,HGVLLC,,529000,PA,USD,507321.58,0.110313360747,Long,DBT,CORP,US,Y,2,2029-06-01,Fixed,5,N,N,N,N,N,N
RegionalCare/Lifepoint Health 9/24 TLB,N/A,RegionalCare/Lifepoint Health 9/24 TLB,75915TAK8,,,LX245319,2363623.22,PA,USD,2335921.56,0.507929029405,Long,LON,CORP,US,N,2,2031-05-17,Floating,8.00610119,N,N,N,N,N,N
Cube Industrials/Circor 10/24 TLB,N/A,Cube Industrials/Circor 10/24 TLB,22971EAB4,,,LX248154,801964.42,PA,USD,805220.4,0.17508927664,Long,LON,CORP,US,N,2,2031-10-17,Floating,7.52238,N,N,N,N,N,N
Autodata/JD Power 7/24 TL,N/A,Autodata/JD Power 7/24 TL,74339NAG1,,,LX236902,2983296.56,PA,USD,2987025.68,0.649506850071,Long,LON,CORP,US,N,2,2031-07-16,Floating,7.2956088,N,N,N,N,N,N
Benefit Street Partners CLO Lt,549300CIOPBDYOSN3T91,BSP 2017-12A SUB,08179JAB2,US08179JAB26,BSP,,4500000,PA,USD,4011750,0.87232564595,Long,ABS-O,CORP,KY,Y,2,,,,,,,N,N,N
Curium 9/24 TLB,N/A,Curium 9/24 TLB,N/A,,,LX248964,9438.03,PA,USD,,,Long,LON,CORP,US,N,2,2025-09-02,Floating,14.3298288,Y,N,N,N,N,N
Casa Rights,N/A,Casa Rights,N/A,,,CASA_RTS,59949,NC,USD,0.6,1.30465e-7,Long,DE,CORP,US,N,3,,,,,,,N,N,N
ARES CLO Ltd,549300X38KZ67Q2FQG11,ARES 2016-41A SUB,04016KAC3,US04016KAC36,ARES,,2343500,PA,USD,685989.32,0.149163351824,Long,ABS-O,CORP,KY,Y,2,,,,,,,N,N,N
UPLAND SOFTWARE INC,549300NS277POYJ63W89,Upland Software TL,91544BAC1,US91544BAC19,UPLD,LX181017,477914.83,PA,USD,463749.43,0.100838915955,Long,LON,CORP,US,N,2,2026-08-06,Floating,8.1768096,N,N,N,N,N,N
ARES CLO Ltd,N/A,ARES 2021-59A SUB,04018GAC0,US04018GAC06,ARES,,3500000,PA,USD,1825705,0.396986176466,Long,ABS-O,CORP,KY,Y,2,,,,,,,N,N,N
Styrolution/Ineos Quattro 10/24 TLB,N/A,Styrolution/Ineos Quattro 10/24 TLB,G4770MAN4,,,LX247589,94917.71,PA,USD,86375.12,0.018781637028,Long,LON,CORP,US,N,2,2031-10-07,Floating,8.57680919,N,N,N,N,N,N
Gogo 4/21 TLB,N/A,Gogo 4/21 TLB,38046JAB0,,,LX194240,892457.3,PA,USD,874411.81,0.190134441823,Long,LON,CORP,US,N,2,2028-04-30,Floating,8.1912888,N,N,N,N,N,N
Ballyrock Ltd,N/A,BALLY 2022-19A SUB,05876AAC1,US05876AAC18,BALLY,,4200000,PA,USD,1829520,0.397815720266,Long,ABS-O,CORP,JE,Y,2,,,,,,,N,N,N
Benefit Street Partners CLO Lt,N/A,BSP 2015-6BR ER,08182EAC6,US08182EAC66,BSP,,1288000,PA,USD,1281577.9,0.278669725045,Long,ABS-CBDO,CORP,KY,Y,2,2038-04-20,Floating,9.0331308,N,N,N,N,N,N
Apidos CLO Ltd,549300EW146C7Q4UV387,APID 2017-27A SUB,03766JAC0,US03766JAC09,APID,,1300000,PA,USD,194545,0.042302384942,Long,ABS-O,CORP,KY,Y,2,,,,,,,N,N,N
Benefit Street Partners CLO Lt,N/A,BSP 2021-25A ER,08187AAE5,US08187AAE55,BSP,,480000,PA,USD,475876.18,0.103475788897,Long,ABS-CBDO,CORP,KY,Y,2,2035-01-15,Floating,8.8561008,N,N,N,N,N,N
Sabert 6/24 TLB,N/A,Sabert 6/24 TLB,78516EAD4,,,LX235838,935089.79,PA,USD,939765.24,0.204345066373,Long,LON,CORP,US,N,2,2026-12-10,Floating,7.44129,N,N,N,N,N,N
Tectum Holdings/Truck Hero 1/21 Cov-Lite TLB,N/A,Tectum Holdings/Truck Hero 1/21 Cov-Lite TLB,89778PAG2,,,LX192014,989664.08,PA,USD,882038.11,0.191792724885,Long,LON,CORP,US,N,2,2028-01-31,Floating,8.1912888,N,N,N,N,N,N
Regatta XIX Funding Ltd,N/A,REG19 2022-1A E,75888CAA0,US75888CAA09,REG19,,750000,PA,USD,751804.43,0.163474365308,Long,ABS-CBDO,CORP,KY,Y,2,2035-04-20,Floating,11.15237879,N,N,N,N,N,N
Rockland Park CLO Ltd,N/A,ROCKP 2021-1A SUB,77366PAC4,US77366PAC41,ROCKP,,9750000,PA,USD,4583670,0.996685459854,Long,ABS-O,CORP,KY,Y,2,,,,,,,N,N,N
Alpha Generation 9/24 Cov-Lite TLB,N/A,Alpha Generation 9/24 Cov-Lite TLB,02072UAC6,,,LX245833,2401915.64,PA,USD,2396919.66,0.521192619355,Long,LON,CORP,US,N,2,2031-09-30,Floating,6.32680919,N,N,N,N,N,N
Ascensus 12/24 Cov-Lite TLB,N/A,Ascensus 12/24 Cov-Lite TLB,03836BAH2,,,LX255760,2701632,PA,USD,2704441.7,0.588061033934,Long,LON,CORP,US,N,2,2028-08-02,Floating,7.32681,N,N,N,N,N,N
Cineworld/Regal Cineworld 6/25 TLB,N/A,Cineworld/Regal Cineworld 6/25 TLB,N/A,,,LX265233,363430.28,PA,USD,362975.99,0.07892646973,Long,LON,CORP,US,N,2,2031-12-02,Floating,,N,N,N,N,N,N
McAfee 12/24 Cov-Lite TLB,N/A,McAfee 12/24 Cov-Lite TLB,57906HAF4,,,LX256336,2764090.37,PA,USD,2680587.2,0.582874047676,Long,LON,CORP,US,N,2,2029-03-01,Floating,7.3157904,N,N,N,N,N,N
"Fertitta Entertainment, LLC TLB 1L",N/A,"Fertitta Entertainment, LLC TLB 1L",31556PAB3,,,LX202071,1450380.3,PA,USD,1447842.13,0.314822663746,Long,LON,CORP,US,N,2,2029-01-27,Floating,7.8268104,N,N,N,N,N,N
Madison IAQ/Madison Air 3/25 Cov-Lite Incr TLB,N/A,Madison IAQ/Madison Air 3/25 Cov-Lite Incr TLB,55759VAD0,,,LX260790,616434.66,PA,USD,617735.34,0.134322023927,Long,LON,CORP,US,N,2,2032-05-06,Floating,7.51047119,N,N,N,N,N,N
CIFC Funding Ltd,N/A,CIFC 2019-5A INC,12554YAA8,US12554YAA82,CIFC,,2500000,PA,USD,1293000,0.281153377008,Long,ABS-O,CORP,KY,Y,2,,,,,,,N,N,N
GGP/Brookfield Retail 5/25 TLB,N/A,GGP/Brookfield Retail 5/25 TLB,N/A,,,LX263488,754856.55,PA,USD,752184.36,0.163556978303,Long,LON,CORP,US,N,2,2030-05-28,Floating,7.8268104,N,N,N,N,N,N
HUNTER US BIDCO INC,549300KXGY77REE4ZR63,"HUNTER HOLDCO 3 LIMITED, TLB",12509YAE6,US12509YAE68,UDGLN,LX196752,474010.67,PA,USD,450310.14,0.097916640805,Long,LON,CORP,US,N,2,2028-08-19,Floating,8.64916919,N,N,N,N,N,N
OHA Credit Partners Ltd,N/A,OAKC 2015-12A SUB,67110BAC5,US67110BAC54,OAKC,,13537295,PA,USD,6667794.65,1.449863095936,Long,ABS-O,CORP,KY,Y,2,,,,,,,N,N,N
Oaktree CLO Ltd,254900WZ1Z6PQ6U3P013,OAKCL 2023-1A ER,67389EAE9,US67389EAE95,OAKCL,,500000,PA,USD,504197.4,0.109634030695,Long,ABS-CBDO,CORP,JE,Y,2,2038-04-15,Floating,11.7896112,N,N,N,N,N,N
Apidos CLO Ltd,5493000BLHDFQUOR8F12,APID 2023-45A E,037977AA3,US037977AA33,APID,,500000,PA,USD,500000,0.108721336816,Long,ABS-CBDO,CORP,JE,Y,2,2036-04-26,Floating,12.68262,N,N,N,N,N,N
ABRA Auto Body/Caliber Collision 1/25 Cov-Lite TLB,N/A,ABRA Auto Body/Caliber Collision 1/25 Cov-Lite TLB,93369PAM6,,,LX257501,936719.15,PA,USD,931923.15,0.202639861357,Long,LON,CORP,US,N,2,2031-01-30,Floating,6.82680959,N,N,N,N,N,N
Bay Club 12/24 Cov-Lite TL,N/A,Bay Club 12/24 Cov-Lite TL,12021GAF1,,,LX255997,1461097.5,PA,USD,1462923.87,0.318102077615,Long,LON,CORP,US,N,2,2031-06-27,Floating,8.03468879,N,N,N,N,N,N
Amspec Parent 6/25 Cov-Lite TL,N/A,Amspec Parent 6/25 Cov-Lite TL,03218AAE9,,,LX264651,1053381.25,PA,USD,1057331.43,0.229908973056,Long,LON,CORP,US,N,2,2031-12-22,Floating,7.7956092,N,N,N,N,N,N
FNZ Group 11/24 (USD) TLB,N/A,FNZ Group 11/24 (USD) TLB,30339HAD3,,,LX249554,1314695.13,PA,USD,1076406.64,0.234056737718,Long,LON,CORP,US,N,2,2031-11-05,Floating,9.2597184,N,N,N,N,N,N
LA Fitness 1/24 TLB,N/A,LA Fitness 1/24 TLB,33818XAM2,,,LX225338,974854.96,PA,USD,975829.81,0.212187042897,Long,LON,CORP,US,N,2,2029-02-12,Floating,9.57681,N,N,N,N,N,N
Groundworks 3/24 Delayed TL,N/A,Groundworks 3/24 Delayed TL,39954EAC7,,,LX227560,275366.41,PA,USD,275159.89,0.059831502158,Long,LON,CORP,US,N,2,2031-03-14,Floating,3.68592839,N,N,N,N,N,N
Convergint 9/24 Delayed TL,N/A,Convergint 9/24 Delayed TL,23344MAK4,,,LX247717,359075.82,PA,USD,357280.44,0.07768801411,Long,LON,CORP,US,N,2,2028-03-31,Floating,,N,N,N,N,N,N
LTR INTERMEDIATE HOLDING,549300J0IFHJE2TQGX07,"LTR INTERMEDIATE HOLDINGS, INC. TLB",50219UAB1,US50219UAB17,LBRTY,LX194320,310332.53,PA,USD,299213.32,0.065061744287,Long,LON,CORP,US,N,2,2028-05-05,Floating,8.9412912,N,N,N,N,N,N
Carlyle Global Market Strategi,N/A,CGMS 2019-4A SUBA,14317WAC2,US14317WAC29,CGMS,,8740000,PA,USD,4747568,1.032323879177,Long,ABS-O,CORP,KY,Y,2,,,,,,,N,N,N
Asurion 6/25 B13 TLB,N/A,Asurion 6/25 B13 TLB,04649VBE9,,,LX264387,482551.53,PA,USD,468316.26,0.10183193968,Long,LON,CORP,US,N,2,2030-09-19,Floating,8.57680919,N,N,N,N,N,N
Euro Garages/EG Group 12/24 TLB,N/A,Euro Garages/EG Group 12/24 TLB,N2820EAM0,,,LX255781,443097.9,PA,USD,444520.24,0.096657669469,Long,LON,CORP,GB,N,2,2028-02-07,Floating,8.5826916,N,N,N,N,N,N
Rad CLO Ltd,N/A,RAD 2021-10A E,48662MAA7,US48662MAA71,RAD,,2000000,PA,USD,1960154,0.426221126493,Long,ABS-CBDO,CORP,KY,Y,2,2034-04-23,Floating,10.39095,N,N,N,N,N,N
Hilex Poly/Novolex 3/25 TL,N/A,Hilex Poly/Novolex 3/25 TL,18972FAF9,,,LX260465,19589.41,PA,USD,19502.43,0.004240660521,Long,LON,CORP,US,N,2,2032-04-01,Floating,,N,N,N,N,N,N
Neuberger Berman CLO Ltd,254900P6M7LX99MHDX34,NEUB 2024-55A SUB,640982AE4,US640982AE41,NEUB,,4600000,PA,USD,3428610,0.745526125247,Long,ABS-O,CORP,JE,Y,2,,,,,,,N,N,N
OCP CLO Ltd,254900WK4JKXAXOKTL68,OCP 2018-15A SUB,67112QAB2,US67112QAB23,OCP,,6000000,PA,USD,2883900,0.627082926492,Long,ABS-O,CORP,KY,Y,3,,,,,,,N,N,N
Carlyle Global Market Strategi,N/A,CGMS 2021-4A SUB,14316UAC7,US14316UAC71,CGMS,,1000000,PA,USD,533247.3,0.115950718619,Long,ABS-O,CORP,KY,Y,2,,,,,,,N,N,N
Anchor Packaging 12/24 Cov-Lite TLB,N/A,Anchor Packaging 12/24 Cov-Lite TLB,03306UAH1,,,LX255853,534806.88,PA,USD,537347.21,0.116842214012,Long,LON,CORP,US,N,2,2029-07-18,Floating,7.56176039,N,N,N,N,N,N
Ineos 12/24 (USD) Cov-Lite TLB,N/A,Ineos 12/24 (USD) Cov-Lite TLB,G4768PAS0,,,LX255771,1241890.54,PA,USD,1182279.79,0.25707807852,Long,LON,CORP,US,N,2,2031-02-07,Floating,7.32383999,N,N,N,N,N,N
Oaktree CLO Ltd,N/A,OAKCL 2022-3A SUB,67401WAC7,US67401WAC73,OAKCL,,13250000,PA,USD,8761032.5,1.905022330592,Long,ABS-O,CORP,KY,Y,2,,,,,,,N,N,N
Neuberger Berman CLO Ltd,254900R37Z1EGG1Y1P54,NEUB 2023-53A SUB,64135LAC1,US64135LAC19,NEUB,,7325000,PA,USD,6418751,1.395710378829,Long,ABS-O,CORP,JE,Y,2,,,,,,,N,N,N
Equiniti Group 3/25 Add-on TL,N/A,Equiniti Group 3/25 Add-on TL,04225VAH5,,,LX260834,389527.32,PA,USD,391085.43,0.085038661518,Long,LON,CORP,US,N,2,2028-12-11,Floating,7.91602919,N,N,N,N,N,N
Dryden Senior Loan Fund,N/A,DRSLF 2021-95A SUB,262485AC9,US262485AC97,DRSLF,,1750000,PA,USD,791112,0.172021508423,Long,ABS-O,CORP,KY,Y,2,,,,,,,N,N,N
Neuberger Berman CLO Ltd,2549006I8TDEPS26X974,NEUB 2025-61A E,640985AA5,US640985AA59,NEUB,,720000,PA,USD,720000,0.156558725016,Long,ABS-CBDO,CORP,KY,Y,2,2039-07-17,Floating,,N,N,N,N,N,N
Sunrise Financing 1/25 AAA TLB,N/A,Sunrise Financing 1/25 AAA TLB,N9000DAK3,,,LX258383,1232341.15,PA,USD,1228742.71,0.26718110007,Long,LON,CORP,US,N,2,2032-02-15,Floating,6.79313159,N,N,N,N,N,N
CIFC Funding Ltd,N/A,CIFC 2022-1A E,12570BAA8,US12570BAA89,CIFC,,2000000,PA,USD,1998613.4,0.434583841256,Long,ABS-CBDO,CORP,KY,Y,2,2035-04-17,Floating,10.6797888,N,N,N,N,N,N
Aimco,254900Q0PCRO7XC6LM21,AIMCO 2021-16A SUB,00901GAC8,US00901GAC87,AIMCO,,1812000,PA,USD,1328340.96,0.288838009839,Long,ABS-O,CORP,KY,Y,2,,,,,,,N,N,N
ASURION LLC,549300KNQVXGIOXWK278,"Assurion, LLC TLB4 2L",04649VBA7,US04649VBA70,ASUCOR,LX196395,1604602.51,PA,USD,1485508.91,0.323013029097,Long,LON,CORP,US,N,2,2029-01-20,Floating,9.69129,N,N,N,N,N,N
Kaman/Ruby/Arxis 1/25 Cov-Lite TLB,N/A,Kaman/Ruby/Arxis 1/25 Cov-Lite TLB,48354VAM4,,,LX258138,2449516.9,PA,USD,2445695.65,0.53179860103,Long,LON,CORP,US,N,2,2032-02-26,Floating,7.05393,N,N,N,N,N,N
Cablevision Systems/Altice USA 12/22 B6 TLB,N/A,Cablevision Systems/Altice USA 12/22 B6 TLB,64072UAM4,,,LX209812,750000,PA,USD,738757.5,0.160637405966,Long,LON,CORP,US,N,2,2028-01-18,Floating,8.8117596,N,N,N,N,N,N
Regatta XXVII Funding Ltd.,213800A3LAH3GG226R43,REG27 2024-1A SUB,758973AC5,US758973AC51,REG27,,6000000,PA,USD,4271520,0.928810729279,Long,ABS-O,CORP,JE,Y,2,,,,,,,N,N,N
White Cap 6/24 TLB,N/A,White Cap 6/24 TLB,96350TAH3,,,LX235238,3413014.64,PA,USD,3389123.54,0.736940083812,Long,LON,CORP,US,N,2,2029-10-19,Floating,7.5768084,N,N,N,N,N,N
Generate CLO Ltd.,549300TKWX739FHPEQ97,GNRT 3A SUB,98625VAC4,US98625VAC46,GNRT,,7008000,PA,USD,2700042.24,0.587104403589,Long,ABS-O,CORP,KY,Y,2,,,,,,,N,N,N
Generate CLO Ltd.,549300OPJWALMOKFT505,GNRT 2023-12A SUB,37147WAC9,US37147WAC91,GNRT,,8000000,PA,USD,5802960,1.261811137389,Long,ABS-O,CORP,KY,Y,2,,,,,,,N,N,N
ALM Loan Funding,N/A,ALM 2020-1A SUB,00166DAC5,US00166DAC56,ALM,,5000000,PA,USD,42400,0.009219569362,Long,ABS-O,CORP,KY,Y,2,,,,,,,N,N,N
Shackleton CLO LTD,549300HOHPZON6E4VH77,SHACK 2019-14A ER,81880YAG5,US81880YAG52,SHACK,,1000000,PA,USD,1000000,0.217442673633,Long,ABS-CBDO,CORP,KY,Y,2,2034-07-20,Floating,11.85108119,N,N,N,N,N,N
Herschend/Harlem 5/25 Cov-Lite TLB,N/A,Herschend/Harlem 5/25 Cov-Lite TLB,42778EAG6,,,LX263414,302919.21,PA,USD,304748.84,0.066265402556,Long,LON,CORP,US,N,2,2032-05-27,Floating,7.5715092,N,N,N,N,N,N
Roper Technologies/Indicor 12/24 (USD) Cov-Lite TL,N/A,Roper Technologies/Indicor 12/24 (USD) Cov-Lite TL,77669LAK9,,,LX255766,1536335.45,PA,USD,1532018.35,0.333126166079,Long,LON,CORP,US,N,2,2029-11-22,Floating,7.0456104,N,N,N,N,N,N
South Field Energy 2/25 TLC,N/A,South Field Energy 2/25 TLC,83783XAE6,,,LX259397,85488.02,PA,USD,85808.6,0.018658451404,Long,LON,CORP,US,N,2,2031-08-29,Floating,7.5456108,N,N,N,N,N,N
Oaktree CLO Ltd,N/A,OAKCL 2022-3A ER,67401WAE3,US67401WAE30,OAKCL,,2000000,PA,USD,2012690.4,0.437644781772,Long,ABS-CBDO,CORP,KY,Y,2,2037-10-15,Floating,10.75610159,N,N,N,N,N,N
Action Enviro/Interstate Waste Sv 9/23 Cov-Lite TL,N/A,Action Enviro/Interstate Waste Sv 9/23 Cov-Lite TL,00507JAF3,,,LX217253,426069.33,PA,USD,426069.33,0.092645654268,Long,LON,CORP,US,N,2,2030-10-24,Floating,8.04561119,N,N,N,N,N,N
Dave & Buster's 9/24 TLB,N/A,Dave & Buster's 9/24 TLB,23833EAY0,,,LX247417,1005553.04,PA,USD,957417.22,0.208183360099,Long,LON,CORP,US,N,2,2031-11-01,Floating,7.5624984,N,N,N,N,N,N
Culligan 12/24 TLB,N/A,Culligan 12/24 TLB,00132UAP9,,,LX255436,3173831.45,PA,USD,3167261.62,0.68869783475,Long,LON,CORP,US,N,2,2028-07-31,Floating,7.3241316,N,N,N,N,N,N
CORNERSTONE BUILDING,549300IW41QEWQ6T0H29,"Cornerstone Building Brands, Inc. TLB",72431HAD2,US72431HAD26,CNR,LX193695,1355813.28,PA,USD,1206673.82,0.262382381624,Long,LON,CORP,US,N,2,2028-04-12,Floating,7.66176119,N,N,N,N,N,N
Drake Software/Taxwell 6/24 TLB,N/A,Drake Software/Taxwell 6/24 TLB,23344UAF7,,,LX235361,2420571.61,PA,USD,2408468.75,0.523703884363,Long,LON,CORP,US,N,2,2031-06-26,Floating,8.54916839,N,N,N,N,N,N
RLG HOLDINGS LLC,254900Y6CDN3X5BPSO77,"RLG Holdings, Inc. TL 1L",74970AAB4,US74970AAB44,RESLAB,LX195988,1322431.34,PA,USD,1101479.51,0.239508649607,Long,LON,CORP,US,N,2,2028-07-07,Floating,8.69128919,N,N,N,N,N,N
AMR 5/25 TLB,N/A,AMR 5/25 TLB,02376CBT1,,,LX263145,1081528.67,PA,USD,1087477.08,0.23646392379,Long,LON,CORP,US,N,2,2032-05-28,Floating,7.57994039,N,N,N,N,N,N
CIFC Funding Ltd,N/A,CIFC 2019-6A ER,12556CAE6,US12556CAE66,CIFC,,700000,PA,USD,706895.49,0.153709245325,Long,ABS-CBDO,CORP,KY,Y,2,2037-07-16,Floating,10.5105384,N,N,N,N,N,N
CIFC Funding Ltd,635400OB7ZCBUWDQNV87,CIFC 2018-3A SUB,12552BAE2,US12552BAE20,CIFC,,3000000,PA,USD,559590.3,0.121678810971,Long,ABS-O,CORP,KY,Y,2,,,,,,,N,N,N
Anchorage Capital CLO LTD,54930014PVHLSZJQK139,ANCHC 2015-7A SUBA,03328UAJ1,US03328UAJ16,ANCHC,,1750000,PA,USD,459305,0.099872507213,Long,ABS-O,CORP,KY,Y,2,,,,,,,N,N,N
Osttra 5/25 Cov-Lite TL,N/A,Osttra 5/25 Cov-Lite TL,N/A,,,LX262390,668136.14,PA,USD,670140.55,0.145717152902,Long,LON,CORP,GB,N,2,2032-05-20,Floating,,N,N,N,N,N,N
ASURION LLC,549300KNQVXGIOXWK278,"ASURION, LLC TL",04649VAY6,US04649VAY65,ASUCOR,LX192293,1238223.37,PA,USD,1236415.56,0.268849505088,Long,LON,CORP,US,N,2,2027-07-31,Floating,7.6912884,N,N,N,N,N,N
Oak Hill Credit,N/A,OAKC 2020-5A ER,67113NAE2,US67113NAE22,OAKC,,1000000,PA,USD,1007943.8,0.219169994744,Long,ABS-CBDO,CORP,KY,Y,2,2037-10-18,Floating,9.66947039,N,N,N,N,N,N
Magenta Buyer LLC (McAfee) Second Out TL (8/15/24),N/A,Magenta Buyer LLC (McAfee) Second Out TL (8/15/24),55909UAF6,,,LX242115,383562.65,PA,USD,176630.6,0.038407029909,Long,LON,CORP,US,N,2,2028-07-27,Floating,11.5507512,N,N,N,N,N,N
Achilles/OneDigital Health 1/25 TL,N/A,Achilles/OneDigital Health 1/25 TL,68277FAN9,,,LX258114,4086803.69,PA,USD,4075319.77,0.886148426701,Long,LON,CORP,US,N,2,2031-07-02,Floating,7.32681,N,N,N,N,N,N
MEDLINE BORROWER LP,254900QT3R363TVK6F09,MEDLINE BORROWER MEDIND 3 7/8 04/01/29,62482BAA0,US62482BAA08,MEDIND,,727000,PA,USD,697557.94,0.151678863488,Long,DBT,CORP,US,Y,2,2029-04-01,Fixed,3.875,N,N,N,N,N,N
CIFC Funding Ltd,N/A,CIFC 2022-4A INC,12567YAA3,US12567YAA38,CIFC,,2500000,PA,USD,1640000,0.356605984759,Long,ABS-O,CORP,KY,Y,2,,,,,,,N,N,N
Alera Group 5/25 2nd Lien Cov-Lite TL,N/A,Alera Group 5/25 2nd Lien Cov-Lite TL,N/A,,,LX263486,750000,PA,USD,763747.5,0.166071298381,Long,LON,CORP,US,N,2,2033-05-30,Floating,9.8268084,N,N,N,N,N,N
Groundworks 3/24 Cov-Lite TL,N/A,Groundworks 3/24 Cov-Lite TL,39954EAB9,,,LX227467,1486720.4,PA,USD,1485605.36,0.323034001443,Long,LON,CORP,US,N,2,2031-03-14,Floating,7.3214316,N,N,N,N,N,N
SPX Flow 12/24 Cov-Lite TLB,N/A,SPX Flow 12/24 Cov-Lite TLB,78470DAV0,,,LX255419,1997846.84,PA,USD,2003760.47,0.435703033918,Long,LON,CORP,US,N,2,2029-04-05,Floating,7.32681,N,N,N,N,N,N
Tectum Holdings/Truck Hero 9/23 Incremental TL,N/A,Tectum Holdings/Truck Hero 9/23 Incremental TL,89778PAH0,,,LX217235,478872.28,PA,USD,434337.16,0.094443433328,Long,LON,CORP,US,N,2,2028-01-31,Floating,9.44129159,N,N,N,N,N,N
Clover CLO,N/A,CLVR 2021-3A ER,18915FAJ1,US18915FAJ12,CLVR,,1000000,PA,USD,993324.7,0.215991178554,Long,ABS-CBDO,CORP,US,Y,2,2035-01-25,Floating,9.1817712,N,N,N,N,N,N
Madison Park Funding Ltd,N/A,MDPK 2016-20A SUB,55819UAC2,US55819UAC27,MDPK,,1740000,PA,USD,372046.8,0.080898850908,Long,ABS-O,CORP,KY,Y,2,,,,,,,N,N,N
Carlyle Global Market Strategi,N/A,CGMS 2023-2A SUB,14318HAC4,US14318HAC43,CGMS,,4534341,PA,USD,4118813.99,0.895605926185,Long,ABS-O,CORP,KY,Y,2,,,,,,,N,N,N
Curium 9/24 TLB,N/A,Curium 9/24 TLB,N/A,,,LX248960,29320.8,PA,USD,,,Long,LON,CORP,US,N,2,2025-09-02,Floating,14.3298288,Y,N,N,N,N,N
Grant Thornton 5/25 Incremental Cov-Lite TLB,N/A,Grant Thornton 5/25 Incremental Cov-Lite TLB,38821UAF7,,,LX262974,461401.12,PA,USD,461862.52,0.1004286212,Long,LON,CORP,US,N,2,2031-06-02,Floating,7.32681,N,N,N,N,N,N
SABRE GLBL INC,F2TJC7HPPHLHU1AQMP98,Sabre GLBL Inc.TLB 1L,78571YBH2,US78571YBH27,SABHLD,LX203068,62205.61,PA,USD,61210.32,0.013309735634,Long,LON,CORP,US,N,2,2028-06-30,Floating,8.67680999,N,N,N,N,N,N
Ufinet/Zacapa 10/24 TL,N/A,Ufinet/Zacapa 10/24 TL,L9901EAG2,,,LX249953,3046415.96,PA,USD,3054032,0.664076883442,Long,LON,CORP,US,N,2,2029-03-22,Floating,8.04561119,N,N,N,N,N,N
Truist Insurance 5/24 2nd Lien TL,N/A,Truist Insurance 5/24 2nd Lien TL,89788VAE2,,,LX227767,750000,PA,USD,757972.5,0.16481556694,Long,LON,CORP,US,N,2,2032-05-06,Floating,9.0456084,N,N,N,N,N,N
Proofpoint 5/24 TL,N/A,Proofpoint 5/24 TL,74345HAG6,,,LX233467,1073145.61,PA,USD,1073263.66,0.233373319744,Long,LON,CORP,US,N,2,2028-08-31,Floating,7.32681,N,N,N,N,N,N
Anchorage Capital CLO LTD,549300AYL7KYENHY1C67,ANCHC 2021-20A SUB,03331QAE6,US03331QAE61,ANCHC,,1750000,PA,USD,770175,0.167468911165,Long,ABS-O,CORP,KY,Y,2,,,,,,,N,N,N
GEN II Fund Services 11/24 TLB,N/A,GEN II Fund Services 11/24 TLB,69381MAB1,,,LX252081,519637.78,PA,USD,519637.78,0.112991428204,Long,LON,CORP,US,N,2,2031-11-26,Floating,6.9666012,N,N,N,N,N,N
Harmony-Peace Park CLO,2138009L3HEW9A8LDJ44,HPPK 2024-1A SUB,412914AC7,US412914AC73,HPPK,,5275000,PA,USD,4233504,0.920544428599,Long,ABS-O,CORP,JE,Y,2,,,,,,,N,N,N
Proofpoint 6/25 Add-On TL,N/A,Proofpoint 6/25 Add-On TL,74345HAJ0,,,LX263572,34695.43,PA,USD,34699.25,0.007545097693,Long,LON,CORP,US,N,2,2028-08-31,Floating,,N,N,N,N,N,N
ALTICE FINANCING SA,549300DIYGW8HVDF7Q17,ALTICE FINANCING ALTICE 5 3/4 08/15/29,02154CAH6,US02154CAH60,ALTICE,,1197000,PA,USD,873547.86,0.189946582225,Long,DBT,CORP,LU,Y,2,2029-08-15,Fixed,5.75,N,N,N,N,N,N
CARESTREAM 10/22 EQUITY,N/A,CARESTREAM 10/22 EQUITY,N/A,,,LX208603 00900,872.84,NS,USD,1036.5,0.000225379331,Long,EC,CORP,US,N,2,,,,,,,N,N,N
Regatta XIX Funding Ltd,N/A,REG19 2022-1A SUB,75888CAE2,US75888CAE21,REG19,,10017000,PA,USD,6484004.1,1.409899187356,Long,ABS-O,CORP,KY,Y,2,,,,,,,N,N,N
Apidos CLO Ltd,25490046M6DC4604K633,APID 2024-48A SUB,03770XAE9,US03770XAE94,APID,,9000000,PA,USD,6841980,1.487738424148,Long,ABS-O,CORP,JE,Y,2,,,,,,,N,N,N
"Nyack Park CLO, Ltd.",N/A,NYKPK 2021-1A SUB,67080QAC8,US67080QAC87,NYKPK,,1000000,PA,USD,562990,0.122418050829,Long,ABS-O,CORP,KY,Y,2,,,,,,,N,N,N
"Mavenir Systems, Inc December New Money Initial TL",N/A,"Mavenir Systems, Inc December New Money Initial TL",N/A,,,LX256551,40490.18,PA,USD,,,Long,LON,CORP,US,N,2,2025-09-02,Floating,14.3184708,Y,N,N,N,N,N
"Fusion Buyer, LLC - Term Facility (eff 6/5/2025)",N/A,"Fusion Buyer, LLC - Term Facility (eff 6/5/2025)",N/A,,,LX264655,396319.38,PA,USD,388392.99,0.084453210166,Long,LON,CORP,US,N,2,2023-06-06,Floating,,N,N,N,N,N,N
CIFC Funding Ltd,N/A,CIFC 2020-2A INC,12547KAA8,US12547KAA88,CIFC,,1000000,PA,USD,555710,0.120835068165,Long,ABS-O,CORP,KY,Y,2,,,,,,,N,N,N
COVETRUS INC,5493009S30DUFCF75V87,"CORGI BIDCO, INC. TL 1L",22304EAC0,US22304EAC03,CVET,LX207942,1222857.95,PA,USD,1098786.78,0.238923135196,Long,LON,CORP,US,N,2,2029-10-13,Floating,9.29561039,N,N,N,N,N,N
CIFC Funding Ltd,5493001TP5YQV9X08Z14,CIFC 2015-1A ERR,12548NAQ6,US12548NAQ60,CIFC,,500000,PA,USD,500165.05,0.10875722573,Long,ABS-CBDO,CORP,KY,Y,2,2031-01-22,Floating,10.53398879,N,N,N,N,N,N
Styrolution/Ineos Quattro 11/23 Cov-Lite TLB,N/A,Styrolution/Ineos Quattro 11/23 Cov-Lite TLB,G4770MAL8,,,LX219178,1395306.7,PA,USD,1295891.1,0.281782025522,Long,LON,CORP,US,N,2,2029-04-02,Floating,8.67680999,N,N,N,N,N,N
Madison Park Funding Ltd,N/A,MDPK 2021-48A E,55821WAA8,US55821WAA80,MDPK,,1500000,PA,USD,1501110.6,0.326405502283,Long,ABS-CBDO,CORP,KY,Y,2,2033-04-19,Floating,10.7810784,N,N,N,N,N,N
Alera Group 5/25 Cov-Lite TL,N/A,Alera Group 5/25 Cov-Lite TL,N/A,,,LX263485,1189995.38,PA,USD,1193267.87,0.259467356014,Long,LON,CORP,US,N,2,2032-05-30,Floating,7.5768084,N,N,N,N,N,N
Zelis/RedCard 10/24 TLB,N/A,Zelis/RedCard 10/24 TLB,98932TAH6,,,LX250358,2551437,PA,USD,2535133.32,0.551246167118,Long,LON,CORP,US,N,2,2031-11-26,Floating,7.5768084,N,N,N,N,N,N
GRAY MEDIA INC,529900TM5726KDN7UU35,GRAY MEDIA GTN 5 3/8 11/15/31,389286AA3,US389286AA34,GTN,,750000,PA,USD,558750,0.121496093892,Long,DBT,CORP,US,Y,2,2031-11-15,Fixed,5.375,N,N,N,N,N,N
Endo Pharmaceuticals 10/24 TLB,N/A,Endo Pharmaceuticals 10/24 TLB,29280UAD5,,,LX250342,2118090.13,PA,USD,2113324.43,0.459526914314,Long,LON,CORP,US,N,2,2031-04-23,Floating,8.3268108,N,N,N,N,N,N
Neuberger Berman CLO Ltd,2549000I5N6JRKAGRP48,NEUB 2024-57A E,64135YAA7,US64135YAA73,NEUB,,1875000,PA,USD,1892837.06,0.411583551079,Long,ABS-CBDO,CORP,KY,Y,2,2038-10-24,Floating,9.77518079,N,N,N,N,N,N
Anchorage Capital CLO LTD,54930063NKPB83QNUF90,ANCHC 2021-21A ER,03331LAJ6,US03331LAJ61,ANCHC,,2000000,PA,USD,1965779.4,0.42744432851,Long,ABS-CBDO,CORP,KY,Y,2,2034-10-20,Floating,10.51947,N,N,N,N,N,N
ClubCorp Holdings 10/23 Cov-Lite TLB2,N/A,ClubCorp Holdings 10/23 Cov-Lite TLB2,18948TAF0,,,LX219228,757425.25,PA,USD,757046.54,0.164614223722,Long,LON,CORP,US,N,2,2026-09-18,Floating,9.55721879,N,N,N,N,N,N
"Transdigm, Inc. 11/23 TLJ",N/A,"Transdigm, Inc. 11/23 TLJ",89364MCA0,,,LX219896,1074714.31,PA,USD,1076541.32,0.234086022897,Long,LON,CORP,US,N,2,2031-02-28,Floating,6.79560839,N,N,N,N,N,N
ALTICE FRANCE SA,5493001ZMCICV4N02J21,"Altice France S.A., TL",F6628DAN4,XAF6628DAN49,SFRFP,LX210659,1698711.74,PA,USD,1534972.92,0.33376861568,Long,LON,CORP,FR,N,2,2028-08-15,Floating,9.7561008,Y,N,N,N,N,N
Benefit Street Partners CLO Lt,549300VHDAICRAGZNJ35,BSP 2022-28A ER,08181RAE4,US08181RAE45,BSP,,2000000,PA,USD,1988792.6,0.432448380246,Long,ABS-CBDO,CORP,JE,Y,2,2037-10-20,Floating,9.66947039,N,N,N,N,N,N
Kaseya 3/25 Cov-Lite TL,N/A,Kaseya 3/25 Cov-Lite TL,48578AAB4,,,LX259600,1463381.96,PA,USD,1468415.99,0.319296298872,Long,LON,CORP,US,N,2,2032-03-20,Floating,7.5768084,N,N,N,N,N,N
Staples 5/24 Cov-Lite TLB,N/A,Staples 5/24 Cov-Lite TLB,855031AU4,,,LX233216,269689.83,PA,USD,248306.12,0.053992346612,Long,LON,CORP,US,N,2,2029-09-04,Floating,10.0259208,N,N,N,N,N,N
Brand Energy/BrandSafway 4/24 TLB,N/A,Brand Energy/BrandSafway 4/24 TLB,10524MAS6,,,LX229219,1888600.85,PA,USD,1573204.51,0.342081794827,Long,LON,CORP,US,N,2,2030-08-01,Floating,8.7759216,N,N,N,N,N,N